sku,description,product_class,shelf_life_days,unit_cost_usd,supplier_id,supplier_accepts_returns
SKU-0001,Salted snacks 250 g,FOOD_AMBIENT,375,11.1,SUP-48,N
SKU-0002,Digital thermometer strips pack of 10,HEALTHCARE,436,13.22,SUP-22,N
SKU-0003,Spice mix family pack,FOOD_AMBIENT,453,9.94,SUP-47,Y
SKU-0004,Cold cuts 1 l,FOOD_CHILLED,119,14.99,SUP-56,Y
SKU-0005,Iron supplement 200 ml,HEALTHCARE,860,15.77,SUP-49,Y
SKU-0006,Oats 1 kg,FOOD_AMBIENT,509,10.5,SUP-37,Y
SKU-0007,Salad bowl 4 pack,FOOD_CHILLED,144,7.05,SUP-48,Y
SKU-0008,Salted snacks 1 kg,FOOD_AMBIENT,575,11.87,SUP-32,N
SKU-0009,Paneer 4 pack,FOOD_CHILLED,109,14.53,SUP-56,Y
SKU-0010,Digital thermometer strips pack of 10,HEALTHCARE,815,6.69,SUP-01,N
SKU-0011,Antiseptic solution 30 ct,HEALTHCARE,1035,38.89,SUP-31,N
SKU-0012,Butter 1 l,FOOD_CHILLED,88,9.91,SUP-42,Y
SKU-0013,Fruit juice 1 l,FOOD_CHILLED,131,13.1,SUP-21,N
SKU-0014,Sugar 1 kg,FOOD_AMBIENT,216,7.6,SUP-41,N
SKU-0015,Canned tomatoes twin pack,FOOD_AMBIENT,412,9.09,SUP-07,N
SKU-0016,Eye drops 100 ml,HEALTHCARE,467,19.42,SUP-58,Y
SKU-0017,Peanut butter family pack,FOOD_AMBIENT,237,3.87,SUP-28,Y
SKU-0018,Iron supplement 60 ct,HEALTHCARE,786,23.94,SUP-11,Y
SKU-0019,Cold cuts 500 ml,FOOD_CHILLED,93,9.87,SUP-32,N
SKU-0020,Tea family pack,FOOD_AMBIENT,417,5.8,SUP-30,Y
SKU-0021,Basmati rice 250 g,FOOD_AMBIENT,656,10.86,SUP-11,Y
SKU-0022,Fruit juice 1 l,FOOD_CHILLED,120,5.54,SUP-45,Y
SKU-0023,Canned tomatoes twin pack,FOOD_AMBIENT,383,11.99,SUP-07,Y
SKU-0024,Calcium tablets 100 ml,HEALTHCARE,732,24.27,SUP-02,N
SKU-0025,Pain relief gel 200 ml,HEALTHCARE,770,13.16,SUP-56,N
SKU-0026,Wheat flour family pack,FOOD_AMBIENT,688,10.08,SUP-50,N
SKU-0027,Cold cuts 500 ml,FOOD_CHILLED,147,6.26,SUP-40,Y
SKU-0028,Tea 500 g,FOOD_AMBIENT,279,10.89,SUP-20,N
SKU-0029,Yoghurt 500 ml,FOOD_CHILLED,119,6.43,SUP-06,N
SKU-0030,Fruit juice 500 ml,FOOD_CHILLED,140,7.11,SUP-09,N
SKU-0031,Fruit jam 1 kg,FOOD_AMBIENT,693,11.01,SUP-17,N
SKU-0032,Ready meal 4 pack,FOOD_CHILLED,148,5.48,SUP-52,Y
SKU-0033,Lentils 1 kg,FOOD_AMBIENT,324,9.17,SUP-56,N
SKU-0034,Salted snacks twin pack,FOOD_AMBIENT,554,1.54,SUP-01,Y
SKU-0035,Fresh milk 4 pack,FOOD_CHILLED,103,6.48,SUP-38,Y
SKU-0036,Cream 500 ml,FOOD_CHILLED,92,2.96,SUP-31,Y
SKU-0037,Dessert cup 6 pack,FOOD_CHILLED,116,5.93,SUP-15,N
SKU-0038,Oats 500 g,FOOD_AMBIENT,489,7.97,SUP-09,Y
SKU-0039,Yoghurt 250 g,FOOD_CHILLED,83,14.95,SUP-07,Y
SKU-0040,Iron supplement 100 ml,HEALTHCARE,503,17.38,SUP-43,N
SKU-0041,Egg tray 500 ml,FOOD_CHILLED,114,7.16,SUP-57,Y
SKU-0042,Cooking oil family pack,FOOD_AMBIENT,681,7.58,SUP-03,N
SKU-0043,Biscuits 1 kg,FOOD_AMBIENT,634,5.61,SUP-55,Y
SKU-0044,Pain relief gel 100 ml,HEALTHCARE,741,23.15,SUP-04,Y
SKU-0045,Antacid syrup pack of 10,HEALTHCARE,490,38.11,SUP-06,N
SKU-0046,Soup mix family pack,FOOD_AMBIENT,201,1.08,SUP-16,N
SKU-0047,Chocolate bar 250 g,FOOD_AMBIENT,390,1.29,SUP-14,Y
SKU-0048,Pasta 250 g,FOOD_AMBIENT,516,9.41,SUP-01,Y
SKU-0049,Paracetamol pack 60 ct,HEALTHCARE,498,22.99,SUP-08,N
SKU-0050,Vitamin C tablets 60 ct,HEALTHCARE,499,3.55,SUP-38,Y
SKU-0051,Paracetamol pack pack of 10,HEALTHCARE,636,4.94,SUP-34,Y
SKU-0052,Lentils family pack,FOOD_AMBIENT,667,5.66,SUP-33,Y
SKU-0053,Oats 250 g,FOOD_AMBIENT,695,3.05,SUP-03,N
SKU-0054,Hand sanitiser pack of 10,HEALTHCARE,1039,22.29,SUP-42,N
SKU-0055,Yoghurt 1 l,FOOD_CHILLED,106,12.94,SUP-44,Y
SKU-0056,Oats family pack,FOOD_AMBIENT,255,10.84,SUP-39,Y
SKU-0057,Tea 250 g,FOOD_AMBIENT,461,7.68,SUP-36,N
SKU-0058,Fresh pasta 1 l,FOOD_CHILLED,121,8.66,SUP-33,N
SKU-0059,Fresh milk 6 pack,FOOD_CHILLED,146,10.97,SUP-47,N
SKU-0060,Fresh pasta 1 l,FOOD_CHILLED,102,13.49,SUP-22,N
SKU-0061,Salted snacks family pack,FOOD_AMBIENT,605,8.89,SUP-28,Y
SKU-0062,Cough syrup pack of 10,HEALTHCARE,748,38.28,SUP-05,Y
SKU-0063,Lentils family pack,FOOD_AMBIENT,275,5.47,SUP-52,Y
SKU-0064,Wheat flour twin pack,FOOD_AMBIENT,517,8.21,SUP-23,N
SKU-0065,Cooking sauce 250 g,FOOD_AMBIENT,232,11.64,SUP-20,Y
SKU-0066,Chocolate bar twin pack,FOOD_AMBIENT,699,2.95,SUP-15,N
SKU-0067,Fruit jam family pack,FOOD_AMBIENT,556,1.82,SUP-37,Y
SKU-0068,Fresh pasta 6 pack,FOOD_CHILLED,116,14.66,SUP-40,N
SKU-0069,Cornflakes family pack,FOOD_AMBIENT,206,7.5,SUP-02,Y
SKU-0070,Egg tray 4 pack,FOOD_CHILLED,142,5.67,SUP-23,Y
SKU-0071,Tea 500 g,FOOD_AMBIENT,590,1.3,SUP-06,N
SKU-0072,Biscuits family pack,FOOD_AMBIENT,565,5.33,SUP-11,Y
SKU-0073,Peanut butter 1 kg,FOOD_AMBIENT,266,10.66,SUP-11,N
SKU-0074,Wheat flour twin pack,FOOD_AMBIENT,263,3.63,SUP-32,N
SKU-0075,Cooking sauce 250 g,FOOD_AMBIENT,459,2.98,SUP-08,Y
SKU-0076,Cooking oil 250 g,FOOD_AMBIENT,470,8.3,SUP-32,Y
SKU-0077,Canned tomatoes 250 g,FOOD_AMBIENT,226,3.04,SUP-04,Y
SKU-0078,Butter 4 pack,FOOD_CHILLED,72,11.86,SUP-19,Y
SKU-0079,Yoghurt 500 ml,FOOD_CHILLED,108,11.58,SUP-09,Y
SKU-0080,Pasta family pack,FOOD_AMBIENT,692,6.93,SUP-05,Y
SKU-0081,Wheat flour 500 g,FOOD_AMBIENT,626,0.72,SUP-56,Y
SKU-0082,Cooking sauce twin pack,FOOD_AMBIENT,594,8.66,SUP-19,Y
SKU-0083,Yoghurt 6 pack,FOOD_CHILLED,86,3.82,SUP-30,N
SKU-0084,Fruit jam 500 g,FOOD_AMBIENT,270,5.52,SUP-16,Y
SKU-0085,Salted snacks family pack,FOOD_AMBIENT,716,1.4,SUP-48,Y
SKU-0086,Peanut butter 500 g,FOOD_AMBIENT,352,1.38,SUP-34,Y
SKU-0087,Dessert cup 500 ml,FOOD_CHILLED,144,6.22,SUP-16,Y
SKU-0088,Breakfast cereal 1 kg,FOOD_AMBIENT,382,2.5,SUP-49,N
SKU-0089,Lentils twin pack,FOOD_AMBIENT,361,11.44,SUP-30,N
SKU-0090,Chocolate bar 250 g,FOOD_AMBIENT,639,8.33,SUP-42,N
SKU-0091,Soup mix family pack,FOOD_AMBIENT,510,10.44,SUP-10,Y
SKU-0092,Sugar family pack,FOOD_AMBIENT,632,7.76,SUP-38,Y
SKU-0093,Hummus 1 l,FOOD_CHILLED,54,5.69,SUP-03,Y
SKU-0094,Salad bowl 250 g,FOOD_CHILLED,81,2.54,SUP-40,Y
SKU-0095,Salted snacks 500 g,FOOD_AMBIENT,653,7.17,SUP-29,N
SKU-0096,Chocolate bar twin pack,FOOD_AMBIENT,372,4.2,SUP-33,Y
SKU-0097,Wheat flour family pack,FOOD_AMBIENT,641,1.69,SUP-46,Y
SKU-0098,Cream 1 l,FOOD_CHILLED,67,2.03,SUP-29,Y
SKU-0099,Calcium tablets 100 ml,HEALTHCARE,527,16.46,SUP-25,Y
SKU-0100,Peanut butter family pack,FOOD_AMBIENT,233,9.58,SUP-05,Y
SKU-0101,Cornflakes 250 g,FOOD_AMBIENT,575,3.77,SUP-56,Y
SKU-0102,Lentils family pack,FOOD_AMBIENT,324,11.04,SUP-42,N
SKU-0103,Antiseptic solution 30 ct,HEALTHCARE,497,25.02,SUP-20,Y
SKU-0104,Pain relief gel 200 ml,HEALTHCARE,701,33.09,SUP-06,N
SKU-0105,Fresh pasta 4 pack,FOOD_CHILLED,110,6.38,SUP-20,Y
SKU-0106,Biscuits twin pack,FOOD_AMBIENT,529,11.4,SUP-13,Y
SKU-0107,Paracetamol pack 30 ct,HEALTHCARE,523,5.86,SUP-33,N
SKU-0108,Spice mix 250 g,FOOD_AMBIENT,218,8.11,SUP-09,Y
SKU-0109,Tea 250 g,FOOD_AMBIENT,346,2.58,SUP-52,N
SKU-0110,Egg tray 4 pack,FOOD_CHILLED,101,2.09,SUP-44,N
SKU-0111,Oats twin pack,FOOD_AMBIENT,471,9.15,SUP-15,Y
SKU-0112,Canned tomatoes 1 kg,FOOD_AMBIENT,660,10.9,SUP-24,N
SKU-0113,Chocolate bar family pack,FOOD_AMBIENT,631,5.81,SUP-50,Y
SKU-0114,Spice mix 1 kg,FOOD_AMBIENT,608,11.61,SUP-52,N
SKU-0115,Salad bowl 1 l,FOOD_CHILLED,77,2.2,SUP-56,Y
SKU-0116,Hand sanitiser 200 ml,HEALTHCARE,470,29.32,SUP-55,Y
SKU-0117,Fresh milk 1 l,FOOD_CHILLED,142,3.66,SUP-58,Y
SKU-0118,Digital thermometer strips 60 ct,HEALTHCARE,812,6.39,SUP-53,Y
SKU-0119,Fruit jam twin pack,FOOD_AMBIENT,207,5.27,SUP-33,Y
SKU-0120,Antiseptic solution 30 ct,HEALTHCARE,448,16.87,SUP-21,N
SKU-0121,Digital thermometer strips 60 ct,HEALTHCARE,1030,15.41,SUP-09,Y
SKU-0122,Dessert cup 500 ml,FOOD_CHILLED,105,10.9,SUP-49,N
SKU-0123,Oats 500 g,FOOD_AMBIENT,185,10.92,SUP-17,Y
SKU-0124,Tea family pack,FOOD_AMBIENT,720,5.37,SUP-16,Y
SKU-0125,Vitamin C tablets 200 ml,HEALTHCARE,609,18.53,SUP-30,Y
SKU-0126,Sugar 250 g,FOOD_AMBIENT,196,7.77,SUP-16,N
SKU-0127,Canned tomatoes family pack,FOOD_AMBIENT,619,0.52,SUP-16,Y
SKU-0128,Instant noodles family pack,FOOD_AMBIENT,267,6.52,SUP-05,N
SKU-0129,Cornflakes 250 g,FOOD_AMBIENT,699,9.54,SUP-36,Y
SKU-0130,Sugar family pack,FOOD_AMBIENT,224,7.81,SUP-17,N
SKU-0131,Fruit juice 500 ml,FOOD_CHILLED,145,2.41,SUP-47,N
SKU-0132,Cooking oil family pack,FOOD_AMBIENT,520,2.03,SUP-35,Y
SKU-0133,Instant noodles twin pack,FOOD_AMBIENT,655,11.78,SUP-41,Y
SKU-0134,Paracetamol pack pack of 10,HEALTHCARE,429,29.49,SUP-03,Y
SKU-0135,Vitamin C tablets 100 ml,HEALTHCARE,569,35.77,SUP-60,Y
SKU-0136,Salted snacks 1 kg,FOOD_AMBIENT,664,3.41,SUP-19,Y
SKU-0137,Wheat flour family pack,FOOD_AMBIENT,519,3.64,SUP-28,N
SKU-0138,Oats 1 kg,FOOD_AMBIENT,575,4.4,SUP-32,N
SKU-0139,Fruit jam 500 g,FOOD_AMBIENT,711,3.57,SUP-47,Y
SKU-0140,Antiseptic solution 60 ct,HEALTHCARE,981,39.82,SUP-35,Y
SKU-0141,Cooking oil family pack,FOOD_AMBIENT,261,4.27,SUP-20,Y
SKU-0142,Egg tray 1 l,FOOD_CHILLED,99,3.75,SUP-23,Y
SKU-0143,Fruit jam 500 g,FOOD_AMBIENT,625,3.66,SUP-05,N
SKU-0144,Fresh pasta 500 ml,FOOD_CHILLED,91,8.43,SUP-02,Y
SKU-0145,Cold cuts 250 g,FOOD_CHILLED,131,12.05,SUP-09,Y
SKU-0146,Fruit jam 250 g,FOOD_AMBIENT,550,4.9,SUP-03,N
SKU-0147,Oats 500 g,FOOD_AMBIENT,559,4.78,SUP-37,Y
SKU-0148,Fruit juice 4 pack,FOOD_CHILLED,95,5.74,SUP-16,N
SKU-0149,Basmati rice twin pack,FOOD_AMBIENT,370,6.24,SUP-59,Y
SKU-0150,Butter 1 l,FOOD_CHILLED,144,5.01,SUP-14,N
SKU-0151,Canned tomatoes 1 kg,FOOD_AMBIENT,682,2.8,SUP-55,Y
SKU-0152,Paracetamol pack 30 ct,HEALTHCARE,1095,19.47,SUP-52,N
SKU-0153,Salad bowl 250 g,FOOD_CHILLED,85,10.52,SUP-36,Y
SKU-0154,Canned tomatoes 1 kg,FOOD_AMBIENT,341,8.69,SUP-51,Y
SKU-0155,Pasta 1 kg,FOOD_AMBIENT,304,11.83,SUP-16,N
SKU-0156,Yoghurt 4 pack,FOOD_CHILLED,91,8.98,SUP-30,N
SKU-0157,Iron supplement 30 ct,HEALTHCARE,497,25.64,SUP-05,Y
SKU-0158,Sugar twin pack,FOOD_AMBIENT,718,5.22,SUP-53,Y
SKU-0159,Paracetamol pack pack of 10,HEALTHCARE,689,26.77,SUP-30,N
SKU-0160,Fruit jam 250 g,FOOD_AMBIENT,311,10.6,SUP-41,Y
SKU-0161,Sandwich pack 250 g,FOOD_CHILLED,61,7.34,SUP-54,Y
SKU-0162,Tea family pack,FOOD_AMBIENT,491,2.39,SUP-60,N
SKU-0163,Fruit jam 500 g,FOOD_AMBIENT,711,10.79,SUP-17,Y
SKU-0164,Cornflakes family pack,FOOD_AMBIENT,461,1.94,SUP-40,Y
SKU-0165,Spice mix 250 g,FOOD_AMBIENT,352,7.31,SUP-10,Y
SKU-0166,Soup mix 250 g,FOOD_AMBIENT,525,10.19,SUP-03,N
SKU-0167,Basmati rice 250 g,FOOD_AMBIENT,263,1.02,SUP-17,N
SKU-0168,Chocolate bar 500 g,FOOD_AMBIENT,606,7.61,SUP-32,N
SKU-0169,Cornflakes family pack,FOOD_AMBIENT,476,7.88,SUP-31,Y
SKU-0170,Salted snacks 500 g,FOOD_AMBIENT,484,5.72,SUP-11,Y
SKU-0171,Sugar 250 g,FOOD_AMBIENT,655,2.85,SUP-10,Y
SKU-0172,Eye drops 100 ml,HEALTHCARE,691,30.17,SUP-26,Y
SKU-0173,Fruit juice 4 pack,FOOD_CHILLED,110,9.08,SUP-16,Y
SKU-0174,Breakfast cereal 500 g,FOOD_AMBIENT,640,3.35,SUP-04,Y
SKU-0175,Fresh pasta 500 ml,FOOD_CHILLED,123,7.14,SUP-53,Y
SKU-0176,Calcium tablets 60 ct,HEALTHCARE,685,10.02,SUP-32,N
SKU-0177,Oats twin pack,FOOD_AMBIENT,690,10.61,SUP-02,Y
SKU-0178,Fresh pasta 500 ml,FOOD_CHILLED,109,7.67,SUP-14,Y
SKU-0179,Wheat flour 250 g,FOOD_AMBIENT,231,3.74,SUP-57,N
SKU-0180,Pain relief gel 30 ct,HEALTHCARE,846,13.57,SUP-55,Y
SKU-0181,Tea twin pack,FOOD_AMBIENT,450,8.87,SUP-24,Y
SKU-0182,Wheat flour family pack,FOOD_AMBIENT,379,4.67,SUP-05,Y
SKU-0183,Ready meal 6 pack,FOOD_CHILLED,142,8.92,SUP-44,N
SKU-0184,Tea family pack,FOOD_AMBIENT,279,5.03,SUP-36,N
SKU-0185,Sandwich pack 6 pack,FOOD_CHILLED,63,4.19,SUP-26,Y
SKU-0186,Yoghurt 4 pack,FOOD_CHILLED,49,3.35,SUP-52,Y
SKU-0187,Ready meal 6 pack,FOOD_CHILLED,64,9.68,SUP-09,Y
SKU-0188,Soup mix 250 g,FOOD_AMBIENT,506,2.37,SUP-48,N
SKU-0189,Cold cuts 6 pack,FOOD_CHILLED,88,8.35,SUP-35,Y
SKU-0190,Chocolate bar 500 g,FOOD_AMBIENT,486,5.96,SUP-24,Y
SKU-0191,Cooking oil 500 g,FOOD_AMBIENT,606,7.21,SUP-39,Y
SKU-0192,Cream 6 pack,FOOD_CHILLED,145,14.62,SUP-37,Y
SKU-0193,Yoghurt 6 pack,FOOD_CHILLED,119,7.99,SUP-41,N
SKU-0194,Salted snacks 1 kg,FOOD_AMBIENT,331,9.95,SUP-03,Y
SKU-0195,Cooking oil family pack,FOOD_AMBIENT,375,0.72,SUP-27,Y
SKU-0196,Biscuits 250 g,FOOD_AMBIENT,600,6.27,SUP-59,Y
SKU-0197,Salad bowl 500 ml,FOOD_CHILLED,139,11.32,SUP-34,Y
SKU-0198,Fruit juice 1 l,FOOD_CHILLED,129,7.96,SUP-21,N
SKU-0199,Oats family pack,FOOD_AMBIENT,530,6.78,SUP-40,Y
SKU-0200,Antacid syrup 60 ct,HEALTHCARE,650,23.65,SUP-20,N
SKU-0201,Egg tray 1 l,FOOD_CHILLED,71,10.82,SUP-21,Y
SKU-0202,Hummus 4 pack,FOOD_CHILLED,146,11.24,SUP-08,Y
SKU-0203,Cornflakes twin pack,FOOD_AMBIENT,568,10.8,SUP-53,Y
SKU-0204,First-aid kit refill 100 ml,HEALTHCARE,514,13.75,SUP-46,Y
SKU-0205,Dessert cup 1 l,FOOD_CHILLED,101,10.36,SUP-14,Y
SKU-0206,Cornflakes family pack,FOOD_AMBIENT,457,11.23,SUP-09,Y
SKU-0207,Eye drops 30 ct,HEALTHCARE,965,11.85,SUP-43,N
SKU-0208,Pasta twin pack,FOOD_AMBIENT,418,1.1,SUP-22,N
SKU-0209,Cooking oil 250 g,FOOD_AMBIENT,320,0.56,SUP-60,Y
SKU-0210,Sugar family pack,FOOD_AMBIENT,668,7.98,SUP-21,Y
SKU-0211,Wheat flour 1 kg,FOOD_AMBIENT,271,8.0,SUP-35,N
SKU-0212,Salad bowl 500 ml,FOOD_CHILLED,49,13.83,SUP-27,N
SKU-0213,Instant noodles twin pack,FOOD_AMBIENT,217,11.97,SUP-51,Y
SKU-0214,Canned tomatoes 250 g,FOOD_AMBIENT,218,0.61,SUP-39,Y
SKU-0215,Bandage roll 200 ml,HEALTHCARE,656,19.81,SUP-34,Y
SKU-0216,Paracetamol pack 60 ct,HEALTHCARE,881,20.32,SUP-52,Y
SKU-0217,Instant noodles 1 kg,FOOD_AMBIENT,649,7.96,SUP-01,N
SKU-0218,First-aid kit refill 60 ct,HEALTHCARE,667,24.01,SUP-12,N
SKU-0219,Salted snacks 500 g,FOOD_AMBIENT,617,6.43,SUP-26,N
SKU-0220,Instant noodles 1 kg,FOOD_AMBIENT,323,5.99,SUP-01,Y
SKU-0221,Antacid syrup 100 ml,HEALTHCARE,822,30.89,SUP-20,Y
SKU-0222,Chocolate bar family pack,FOOD_AMBIENT,191,3.51,SUP-45,Y
SKU-0223,Cooking oil twin pack,FOOD_AMBIENT,656,4.03,SUP-44,Y
SKU-0224,Canned tomatoes family pack,FOOD_AMBIENT,300,7.85,SUP-24,N
SKU-0225,Pasta twin pack,FOOD_AMBIENT,316,6.0,SUP-48,N
SKU-0226,Fruit juice 1 l,FOOD_CHILLED,98,10.98,SUP-49,Y
SKU-0227,Biscuits 250 g,FOOD_AMBIENT,433,8.32,SUP-56,N
SKU-0228,Spice mix family pack,FOOD_AMBIENT,637,6.57,SUP-05,N
SKU-0229,Cooking oil 250 g,FOOD_AMBIENT,243,10.03,SUP-13,Y
SKU-0230,Paneer 6 pack,FOOD_CHILLED,66,5.93,SUP-29,Y
SKU-0231,Biscuits 250 g,FOOD_AMBIENT,680,1.55,SUP-29,N
SKU-0232,Ready meal 1 l,FOOD_CHILLED,61,8.43,SUP-37,Y
SKU-0233,Ready meal 250 g,FOOD_CHILLED,131,12.39,SUP-26,Y
SKU-0234,Yoghurt 250 g,FOOD_CHILLED,140,4.44,SUP-03,Y
SKU-0235,Eye drops 30 ct,HEALTHCARE,430,23.02,SUP-60,N
SKU-0236,Sugar 1 kg,FOOD_AMBIENT,212,3.8,SUP-50,Y
SKU-0237,Cream 1 l,FOOD_CHILLED,138,10.22,SUP-24,N
SKU-0238,Salted snacks twin pack,FOOD_AMBIENT,639,10.5,SUP-25,Y
SKU-0239,Cream 4 pack,FOOD_CHILLED,114,3.3,SUP-08,Y
SKU-0240,Hummus 500 ml,FOOD_CHILLED,95,8.64,SUP-54,Y
SKU-0241,Basmati rice 250 g,FOOD_AMBIENT,485,5.82,SUP-28,Y
SKU-0242,Digital thermometer strips 100 ml,HEALTHCARE,600,12.16,SUP-10,Y
SKU-0243,Cooking oil twin pack,FOOD_AMBIENT,212,9.81,SUP-40,N
SKU-0244,Hand sanitiser 30 ct,HEALTHCARE,381,11.9,SUP-07,Y
SKU-0245,Oats 500 g,FOOD_AMBIENT,229,3.31,SUP-26,Y
SKU-0246,Hummus 250 g,FOOD_CHILLED,72,11.68,SUP-09,Y
SKU-0247,Canned tomatoes 250 g,FOOD_AMBIENT,419,9.88,SUP-21,Y
SKU-0248,First-aid kit refill 60 ct,HEALTHCARE,1053,33.28,SUP-20,N
SKU-0249,Spice mix family pack,FOOD_AMBIENT,406,5.26,SUP-04,Y
SKU-0250,Chocolate bar twin pack,FOOD_AMBIENT,359,7.7,SUP-36,Y
SKU-0251,Fruit jam family pack,FOOD_AMBIENT,570,9.54,SUP-45,Y
SKU-0252,Paneer 6 pack,FOOD_CHILLED,83,6.58,SUP-31,Y
SKU-0253,Cheese slices 500 ml,FOOD_CHILLED,83,13.08,SUP-52,Y
SKU-0254,Yoghurt 1 l,FOOD_CHILLED,116,7.07,SUP-36,Y
SKU-0255,Antiseptic solution 100 ml,HEALTHCARE,613,12.43,SUP-42,Y
SKU-0256,Ready meal 500 ml,FOOD_CHILLED,92,2.75,SUP-04,Y
SKU-0257,Soup mix 1 kg,FOOD_AMBIENT,220,10.55,SUP-52,N
SKU-0258,Eye drops pack of 10,HEALTHCARE,1052,23.68,SUP-14,N
SKU-0259,Bandage roll 30 ct,HEALTHCARE,675,38.41,SUP-14,N
SKU-0260,Cooking oil 250 g,FOOD_AMBIENT,670,11.02,SUP-46,Y
SKU-0261,Hand sanitiser 100 ml,HEALTHCARE,610,23.43,SUP-25,Y
SKU-0262,Fruit jam 250 g,FOOD_AMBIENT,495,3.51,SUP-57,Y
SKU-0263,Multivitamin 100 ml,HEALTHCARE,845,31.18,SUP-59,Y
SKU-0264,Peanut butter 1 kg,FOOD_AMBIENT,603,1.03,SUP-48,Y
SKU-0265,Breakfast cereal 1 kg,FOOD_AMBIENT,607,3.89,SUP-22,Y
SKU-0266,Chocolate bar family pack,FOOD_AMBIENT,431,6.24,SUP-17,N
SKU-0267,Sugar family pack,FOOD_AMBIENT,682,5.8,SUP-11,Y
SKU-0268,Cornflakes 250 g,FOOD_AMBIENT,680,2.62,SUP-42,N
SKU-0269,Hummus 250 g,FOOD_CHILLED,49,12.83,SUP-53,N
SKU-0270,Basmati rice 1 kg,FOOD_AMBIENT,602,2.08,SUP-05,N
SKU-0271,Basmati rice family pack,FOOD_AMBIENT,403,6.32,SUP-04,N
SKU-0272,Soup mix 500 g,FOOD_AMBIENT,674,8.08,SUP-01,Y
SKU-0273,Antiseptic solution 100 ml,HEALTHCARE,377,3.62,SUP-35,N
SKU-0274,Yoghurt 1 l,FOOD_CHILLED,109,12.48,SUP-52,N
SKU-0275,Paracetamol pack 200 ml,HEALTHCARE,474,36.97,SUP-10,Y
SKU-0276,Cold cuts 4 pack,FOOD_CHILLED,112,4.91,SUP-18,N
SKU-0277,Lentils twin pack,FOOD_AMBIENT,562,11.53,SUP-37,Y
SKU-0278,Pasta 500 g,FOOD_AMBIENT,487,8.37,SUP-42,N
SKU-0279,Wheat flour twin pack,FOOD_AMBIENT,275,5.16,SUP-36,Y
SKU-0280,Basmati rice twin pack,FOOD_AMBIENT,355,1.45,SUP-42,N
SKU-0281,Calcium tablets 30 ct,HEALTHCARE,462,36.11,SUP-15,Y
SKU-0282,Digital thermometer strips pack of 10,HEALTHCARE,1073,35.84,SUP-18,Y
SKU-0283,Lentils 250 g,FOOD_AMBIENT,467,10.84,SUP-43,Y
SKU-0284,Dessert cup 500 ml,FOOD_CHILLED,85,1.71,SUP-38,Y
SKU-0285,Salad bowl 250 g,FOOD_CHILLED,136,12.58,SUP-20,Y
SKU-0286,Pasta 250 g,FOOD_AMBIENT,578,8.29,SUP-22,Y
SKU-0287,Egg tray 250 g,FOOD_CHILLED,62,12.17,SUP-33,N
SKU-0288,Fruit jam 1 kg,FOOD_AMBIENT,234,1.62,SUP-54,Y
SKU-0289,Cold cuts 6 pack,FOOD_CHILLED,143,9.79,SUP-26,N
SKU-0290,Fruit juice 1 l,FOOD_CHILLED,48,10.06,SUP-32,Y
SKU-0291,Cornflakes 250 g,FOOD_AMBIENT,564,5.47,SUP-43,Y
SKU-0292,Soup mix 500 g,FOOD_AMBIENT,482,9.68,SUP-06,Y
SKU-0293,Salted snacks family pack,FOOD_AMBIENT,337,9.01,SUP-24,Y
SKU-0294,Yoghurt 4 pack,FOOD_CHILLED,84,7.5,SUP-07,Y
SKU-0295,Instant noodles 250 g,FOOD_AMBIENT,621,5.66,SUP-33,Y
SKU-0296,Vitamin C tablets 30 ct,HEALTHCARE,456,16.09,SUP-39,Y
SKU-0297,Peanut butter twin pack,FOOD_AMBIENT,574,0.64,SUP-25,N
SKU-0298,Egg tray 500 ml,FOOD_CHILLED,116,13.72,SUP-37,Y
SKU-0299,Salted snacks family pack,FOOD_AMBIENT,353,2.1,SUP-18,Y
SKU-0300,Lentils twin pack,FOOD_AMBIENT,351,5.5,SUP-20,Y
SKU-0301,Fresh milk 500 ml,FOOD_CHILLED,91,4.9,SUP-47,N
SKU-0302,Cold cuts 250 g,FOOD_CHILLED,123,4.14,SUP-09,Y
SKU-0303,Antiseptic solution pack of 10,HEALTHCARE,705,34.14,SUP-52,N
SKU-0304,Oral rehydration salts 200 ml,HEALTHCARE,707,18.93,SUP-09,Y
SKU-0305,Soup mix 1 kg,FOOD_AMBIENT,385,6.01,SUP-26,N
SKU-0306,Canned tomatoes 1 kg,FOOD_AMBIENT,682,11.63,SUP-21,Y
SKU-0307,Salted snacks 250 g,FOOD_AMBIENT,553,1.81,SUP-13,Y
SKU-0308,Hummus 6 pack,FOOD_CHILLED,68,10.7,SUP-02,N
SKU-0309,Oats family pack,FOOD_AMBIENT,394,5.54,SUP-54,N
SKU-0310,Salad bowl 1 l,FOOD_CHILLED,146,12.23,SUP-09,N
SKU-0311,Pasta twin pack,FOOD_AMBIENT,438,8.07,SUP-51,Y
SKU-0312,Ready meal 1 l,FOOD_CHILLED,121,7.97,SUP-35,Y
SKU-0313,Cooking sauce family pack,FOOD_AMBIENT,217,9.59,SUP-45,N
SKU-0314,Cornflakes 1 kg,FOOD_AMBIENT,267,1.76,SUP-43,N
SKU-0315,Paracetamol pack 200 ml,HEALTHCARE,1027,25.67,SUP-42,N
SKU-0316,Salted snacks twin pack,FOOD_AMBIENT,519,11.61,SUP-07,Y
SKU-0317,Breakfast cereal 250 g,FOOD_AMBIENT,407,6.37,SUP-36,Y
SKU-0318,Chocolate bar twin pack,FOOD_AMBIENT,406,5.63,SUP-30,N
SKU-0319,Chocolate bar 500 g,FOOD_AMBIENT,692,2.23,SUP-31,Y
SKU-0320,Cooking sauce 1 kg,FOOD_AMBIENT,267,1.83,SUP-23,Y
SKU-0321,Oats family pack,FOOD_AMBIENT,391,6.49,SUP-31,Y
SKU-0322,Eye drops 30 ct,HEALTHCARE,1078,19.74,SUP-20,Y
SKU-0323,Egg tray 4 pack,FOOD_CHILLED,59,1.8,SUP-42,Y
SKU-0324,Instant noodles 250 g,FOOD_AMBIENT,429,6.43,SUP-11,Y
SKU-0325,Cooking sauce twin pack,FOOD_AMBIENT,653,3.17,SUP-41,Y
SKU-0326,Cream 250 g,FOOD_CHILLED,129,7.33,SUP-48,N
SKU-0327,Biscuits twin pack,FOOD_AMBIENT,640,7.31,SUP-01,N
SKU-0328,Antacid syrup 30 ct,HEALTHCARE,650,30.84,SUP-37,Y
SKU-0329,Digital thermometer strips 100 ml,HEALTHCARE,914,9.92,SUP-13,Y
SKU-0330,Breakfast cereal family pack,FOOD_AMBIENT,681,6.57,SUP-39,Y
SKU-0331,Fresh pasta 4 pack,FOOD_CHILLED,120,3.04,SUP-55,Y
SKU-0332,Paracetamol pack 100 ml,HEALTHCARE,1054,29.12,SUP-59,N
SKU-0333,Lentils 1 kg,FOOD_AMBIENT,317,4.1,SUP-20,Y
SKU-0334,Fruit jam twin pack,FOOD_AMBIENT,324,6.37,SUP-39,Y
SKU-0335,Salted snacks 250 g,FOOD_AMBIENT,613,2.64,SUP-45,N
SKU-0336,Instant noodles 1 kg,FOOD_AMBIENT,350,6.13,SUP-12,Y
SKU-0337,Oats 500 g,FOOD_AMBIENT,234,10.45,SUP-32,Y
SKU-0338,Salted snacks twin pack,FOOD_AMBIENT,697,8.01,SUP-44,Y
SKU-0339,Egg tray 250 g,FOOD_CHILLED,101,8.1,SUP-37,Y
SKU-0340,Pasta 1 kg,FOOD_AMBIENT,479,0.88,SUP-35,Y
SKU-0341,First-aid kit refill pack of 10,HEALTHCARE,833,23.93,SUP-36,Y
SKU-0342,Chocolate bar 250 g,FOOD_AMBIENT,296,3.58,SUP-53,N
SKU-0343,Hummus 1 l,FOOD_CHILLED,150,11.72,SUP-35,Y
SKU-0344,Fresh pasta 500 ml,FOOD_CHILLED,58,11.44,SUP-20,N
SKU-0345,Vitamin C tablets 30 ct,HEALTHCARE,825,12.72,SUP-29,N
SKU-0346,Cooking oil 250 g,FOOD_AMBIENT,422,2.91,SUP-45,Y
SKU-0347,Eye drops 60 ct,HEALTHCARE,989,26.41,SUP-40,Y
SKU-0348,Biscuits 250 g,FOOD_AMBIENT,391,9.76,SUP-23,Y
SKU-0349,Soup mix family pack,FOOD_AMBIENT,352,4.22,SUP-19,Y
SKU-0350,Spice mix twin pack,FOOD_AMBIENT,277,2.06,SUP-59,Y
SKU-0351,Cough syrup 60 ct,HEALTHCARE,1036,7.69,SUP-16,Y
SKU-0352,Fruit juice 1 l,FOOD_CHILLED,76,11.78,SUP-32,Y
SKU-0353,Breakfast cereal 500 g,FOOD_AMBIENT,604,4.81,SUP-41,N
SKU-0354,Lentils family pack,FOOD_AMBIENT,592,6.43,SUP-45,N
SKU-0355,Fruit juice 4 pack,FOOD_CHILLED,103,14.33,SUP-38,Y
SKU-0356,Sandwich pack 1 l,FOOD_CHILLED,138,2.76,SUP-41,N
SKU-0357,Fruit juice 1 l,FOOD_CHILLED,53,12.24,SUP-14,N
SKU-0358,Biscuits family pack,FOOD_AMBIENT,686,3.59,SUP-22,Y
SKU-0359,Tea 500 g,FOOD_AMBIENT,676,9.57,SUP-03,Y
SKU-0360,Oats 1 kg,FOOD_AMBIENT,196,1.93,SUP-29,Y
SKU-0361,Cooking sauce 1 kg,FOOD_AMBIENT,387,11.95,SUP-57,N
SKU-0362,Instant noodles family pack,FOOD_AMBIENT,460,1.57,SUP-17,Y
SKU-0363,Cream 1 l,FOOD_CHILLED,128,3.73,SUP-41,Y
SKU-0364,Eye drops 30 ct,HEALTHCARE,604,18.88,SUP-46,Y
SKU-0365,Cheese slices 6 pack,FOOD_CHILLED,106,2.55,SUP-15,Y
SKU-0366,Oats family pack,FOOD_AMBIENT,189,0.59,SUP-53,Y
SKU-0367,Digital thermometer strips pack of 10,HEALTHCARE,797,28.68,SUP-05,Y
SKU-0368,Lentils family pack,FOOD_AMBIENT,284,1.69,SUP-57,Y
SKU-0369,Salted snacks 1 kg,FOOD_AMBIENT,316,7.88,SUP-05,Y
SKU-0370,Yoghurt 1 l,FOOD_CHILLED,123,10.28,SUP-23,N
SKU-0371,Tea twin pack,FOOD_AMBIENT,601,7.58,SUP-56,Y
SKU-0372,Cooking oil 250 g,FOOD_AMBIENT,323,9.15,SUP-47,Y
SKU-0373,Cooking sauce 1 kg,FOOD_AMBIENT,502,9.6,SUP-18,N
SKU-0374,Antacid syrup 200 ml,HEALTHCARE,931,25.24,SUP-19,N
SKU-0375,Basmati rice 250 g,FOOD_AMBIENT,488,2.86,SUP-33,Y
SKU-0376,Salted snacks 1 kg,FOOD_AMBIENT,482,7.93,SUP-32,Y
SKU-0377,Pasta 500 g,FOOD_AMBIENT,691,7.84,SUP-34,N
SKU-0378,Basmati rice 1 kg,FOOD_AMBIENT,549,11.24,SUP-25,N
SKU-0379,Calcium tablets 60 ct,HEALTHCARE,795,16.52,SUP-49,Y
SKU-0380,Lentils 500 g,FOOD_AMBIENT,197,7.25,SUP-17,Y
SKU-0381,Wheat flour 250 g,FOOD_AMBIENT,587,6.33,SUP-50,Y
SKU-0382,Salted snacks 250 g,FOOD_AMBIENT,264,7.87,SUP-40,Y
SKU-0383,Lentils 1 kg,FOOD_AMBIENT,497,1.41,SUP-52,Y
SKU-0384,Bandage roll 30 ct,HEALTHCARE,765,24.7,SUP-20,N
SKU-0385,Pasta twin pack,FOOD_AMBIENT,239,3.31,SUP-08,Y
SKU-0386,Soup mix 1 kg,FOOD_AMBIENT,236,4.06,SUP-08,Y
SKU-0387,Paracetamol pack pack of 10,HEALTHCARE,1083,3.42,SUP-23,Y
SKU-0388,First-aid kit refill 60 ct,HEALTHCARE,630,9.18,SUP-48,N
SKU-0389,Cough syrup 30 ct,HEALTHCARE,485,31.54,SUP-22,N
SKU-0390,Breakfast cereal 250 g,FOOD_AMBIENT,716,1.23,SUP-41,Y
SKU-0391,Ready meal 1 l,FOOD_CHILLED,110,6.36,SUP-55,Y
SKU-0392,Fruit juice 250 g,FOOD_CHILLED,65,4.94,SUP-58,Y
SKU-0393,Egg tray 6 pack,FOOD_CHILLED,59,4.58,SUP-01,Y
SKU-0394,Salad bowl 1 l,FOOD_CHILLED,46,4.8,SUP-24,Y
SKU-0395,Paracetamol pack 30 ct,HEALTHCARE,548,37.45,SUP-36,N
SKU-0396,Cooking sauce twin pack,FOOD_AMBIENT,409,4.2,SUP-59,N
SKU-0397,Butter 4 pack,FOOD_CHILLED,150,2.55,SUP-08,Y
SKU-0398,Dessert cup 6 pack,FOOD_CHILLED,51,3.92,SUP-03,N
SKU-0399,Fresh milk 4 pack,FOOD_CHILLED,104,13.19,SUP-21,Y
SKU-0400,Oral rehydration salts 100 ml,HEALTHCARE,373,16.65,SUP-37,N
SKU-0401,Eye drops 100 ml,HEALTHCARE,1002,11.98,SUP-38,N
SKU-0402,First-aid kit refill 200 ml,HEALTHCARE,565,30.1,SUP-49,N
SKU-0403,Paneer 250 g,FOOD_CHILLED,45,14.09,SUP-15,Y
SKU-0404,Basmati rice twin pack,FOOD_AMBIENT,523,0.52,SUP-55,N
SKU-0405,Canned tomatoes 1 kg,FOOD_AMBIENT,286,2.86,SUP-27,Y
SKU-0406,Vitamin C tablets 30 ct,HEALTHCARE,510,29.33,SUP-03,N
SKU-0407,Spice mix family pack,FOOD_AMBIENT,602,8.56,SUP-30,N
SKU-0408,Fresh milk 500 ml,FOOD_CHILLED,119,2.79,SUP-41,N
SKU-0409,Lentils 1 kg,FOOD_AMBIENT,243,5.5,SUP-16,Y
SKU-0410,Peanut butter family pack,FOOD_AMBIENT,582,8.56,SUP-21,Y
SKU-0411,Pasta 1 kg,FOOD_AMBIENT,256,11.35,SUP-50,N
SKU-0412,Cooking oil twin pack,FOOD_AMBIENT,339,1.72,SUP-30,Y
SKU-0413,Cooking oil 1 kg,FOOD_AMBIENT,546,11.59,SUP-29,Y
SKU-0414,Breakfast cereal family pack,FOOD_AMBIENT,302,1.54,SUP-53,N
SKU-0415,Soup mix family pack,FOOD_AMBIENT,221,2.97,SUP-10,Y
SKU-0416,Pasta 500 g,FOOD_AMBIENT,544,5.06,SUP-44,Y
SKU-0417,Digital thermometer strips pack of 10,HEALTHCARE,543,4.15,SUP-55,Y
SKU-0418,Eye drops pack of 10,HEALTHCARE,928,12.24,SUP-07,N
SKU-0419,Tea 1 kg,FOOD_AMBIENT,304,0.64,SUP-09,Y
SKU-0420,Salted snacks 500 g,FOOD_AMBIENT,561,8.39,SUP-38,Y
SKU-0421,Lentils 1 kg,FOOD_AMBIENT,202,11.97,SUP-58,N
SKU-0422,Tea family pack,FOOD_AMBIENT,274,10.91,SUP-08,Y
SKU-0423,Ready meal 6 pack,FOOD_CHILLED,51,3.77,SUP-28,N
SKU-0424,Salted snacks twin pack,FOOD_AMBIENT,688,0.84,SUP-12,Y
SKU-0425,Instant noodles 1 kg,FOOD_AMBIENT,461,3.72,SUP-03,N
SKU-0426,Calcium tablets pack of 10,HEALTHCARE,616,26.95,SUP-27,N
SKU-0427,Sugar twin pack,FOOD_AMBIENT,242,1.51,SUP-09,Y
SKU-0428,Cream 6 pack,FOOD_CHILLED,147,8.6,SUP-51,Y
SKU-0429,Salted snacks twin pack,FOOD_AMBIENT,547,6.02,SUP-23,N
SKU-0430,Hummus 500 ml,FOOD_CHILLED,86,6.74,SUP-02,Y
SKU-0431,Cheese slices 4 pack,FOOD_CHILLED,48,13.59,SUP-04,N
SKU-0432,Ready meal 6 pack,FOOD_CHILLED,112,6.33,SUP-15,N
SKU-0433,Cooking oil family pack,FOOD_AMBIENT,433,8.05,SUP-35,N
SKU-0434,Dessert cup 500 ml,FOOD_CHILLED,139,2.25,SUP-37,N
SKU-0435,Salted snacks 1 kg,FOOD_AMBIENT,543,11.25,SUP-12,Y
SKU-0436,Peanut butter 500 g,FOOD_AMBIENT,547,11.01,SUP-46,N
SKU-0437,Chocolate bar 1 kg,FOOD_AMBIENT,325,6.98,SUP-54,N
SKU-0438,Dessert cup 500 ml,FOOD_CHILLED,108,8.82,SUP-32,Y
SKU-0439,Wheat flour 500 g,FOOD_AMBIENT,418,7.42,SUP-34,Y
SKU-0440,Fruit juice 500 ml,FOOD_CHILLED,123,4.22,SUP-22,N
SKU-0441,Peanut butter 250 g,FOOD_AMBIENT,240,0.75,SUP-46,N
SKU-0442,Sandwich pack 4 pack,FOOD_CHILLED,59,12.93,SUP-05,Y
SKU-0443,Salted snacks family pack,FOOD_AMBIENT,283,4.37,SUP-09,N
SKU-0444,Egg tray 1 l,FOOD_CHILLED,100,12.19,SUP-42,Y
SKU-0445,Cornflakes 250 g,FOOD_AMBIENT,545,3.07,SUP-53,Y
SKU-0446,Canned tomatoes 500 g,FOOD_AMBIENT,481,1.96,SUP-45,N
SKU-0447,Antiseptic solution 200 ml,HEALTHCARE,946,4.2,SUP-21,N
SKU-0448,Cold cuts 250 g,FOOD_CHILLED,73,10.14,SUP-60,Y
SKU-0449,Peanut butter family pack,FOOD_AMBIENT,259,3.24,SUP-11,N
SKU-0450,Fresh milk 4 pack,FOOD_CHILLED,150,11.07,SUP-29,Y
SKU-0451,Cheese slices 4 pack,FOOD_CHILLED,76,10.86,SUP-17,N
SKU-0452,Basmati rice twin pack,FOOD_AMBIENT,229,4.94,SUP-11,N
SKU-0453,Sugar twin pack,FOOD_AMBIENT,567,4.54,SUP-07,N
SKU-0454,Chocolate bar 500 g,FOOD_AMBIENT,410,2.37,SUP-52,N
SKU-0455,Canned tomatoes 500 g,FOOD_AMBIENT,200,4.17,SUP-05,Y
SKU-0456,Salted snacks 250 g,FOOD_AMBIENT,344,8.92,SUP-58,N
SKU-0457,Bandage roll pack of 10,HEALTHCARE,973,39.46,SUP-46,Y
SKU-0458,Pain relief gel pack of 10,HEALTHCARE,533,25.47,SUP-11,Y
SKU-0459,Peanut butter twin pack,FOOD_AMBIENT,390,11.71,SUP-45,Y
SKU-0460,Cornflakes family pack,FOOD_AMBIENT,451,8.1,SUP-16,Y
SKU-0461,Antiseptic solution pack of 10,HEALTHCARE,950,23.34,SUP-10,Y
SKU-0462,Yoghurt 6 pack,FOOD_CHILLED,99,2.68,SUP-31,Y
SKU-0463,Basmati rice family pack,FOOD_AMBIENT,391,2.46,SUP-06,Y
SKU-0464,Cooking oil twin pack,FOOD_AMBIENT,495,9.53,SUP-32,N
SKU-0465,Breakfast cereal twin pack,FOOD_AMBIENT,273,7.88,SUP-12,Y
SKU-0466,Antiseptic solution 30 ct,HEALTHCARE,743,9.9,SUP-17,Y
SKU-0467,Breakfast cereal 250 g,FOOD_AMBIENT,411,10.13,SUP-04,Y
SKU-0468,Egg tray 4 pack,FOOD_CHILLED,130,2.81,SUP-52,Y
SKU-0469,First-aid kit refill 30 ct,HEALTHCARE,968,11.42,SUP-54,Y
SKU-0470,Spice mix twin pack,FOOD_AMBIENT,608,11.6,SUP-37,N
SKU-0471,Ready meal 250 g,FOOD_CHILLED,83,2.57,SUP-33,Y
SKU-0472,Spice mix twin pack,FOOD_AMBIENT,330,1.88,SUP-12,N
SKU-0473,Paneer 500 ml,FOOD_CHILLED,72,12.41,SUP-03,Y
SKU-0474,Cooking sauce 1 kg,FOOD_AMBIENT,386,11.97,SUP-54,Y
SKU-0475,Peanut butter 250 g,FOOD_AMBIENT,248,1.5,SUP-26,Y
SKU-0476,Breakfast cereal 500 g,FOOD_AMBIENT,712,5.77,SUP-51,N
SKU-0477,Calcium tablets 30 ct,HEALTHCARE,900,31.92,SUP-27,Y
SKU-0478,Calcium tablets 30 ct,HEALTHCARE,967,24.56,SUP-60,Y
SKU-0479,Cooking oil family pack,FOOD_AMBIENT,472,10.48,SUP-57,Y
SKU-0480,Salted snacks twin pack,FOOD_AMBIENT,677,7.08,SUP-03,Y
SKU-0481,Salted snacks twin pack,FOOD_AMBIENT,327,7.61,SUP-03,Y
SKU-0482,Peanut butter twin pack,FOOD_AMBIENT,423,1.07,SUP-59,Y
SKU-0483,Fruit juice 4 pack,FOOD_CHILLED,47,6.06,SUP-20,Y
SKU-0484,Ready meal 500 ml,FOOD_CHILLED,134,10.75,SUP-09,Y
SKU-0485,Egg tray 4 pack,FOOD_CHILLED,101,11.95,SUP-18,N
SKU-0486,Soup mix 1 kg,FOOD_AMBIENT,271,2.66,SUP-59,N
SKU-0487,Sugar 500 g,FOOD_AMBIENT,708,10.47,SUP-33,N
SKU-0488,Fresh milk 1 l,FOOD_CHILLED,84,11.08,SUP-09,N
SKU-0489,Hummus 500 ml,FOOD_CHILLED,117,1.89,SUP-57,N
SKU-0490,Wheat flour 500 g,FOOD_AMBIENT,435,0.88,SUP-59,Y
SKU-0491,Antacid syrup pack of 10,HEALTHCARE,645,16.63,SUP-33,Y
SKU-0492,Cooking oil twin pack,FOOD_AMBIENT,211,3.28,SUP-39,Y
SKU-0493,Digital thermometer strips 100 ml,HEALTHCARE,850,24.71,SUP-23,Y
SKU-0494,Breakfast cereal twin pack,FOOD_AMBIENT,272,3.78,SUP-04,Y
SKU-0495,Chocolate bar 1 kg,FOOD_AMBIENT,399,10.36,SUP-44,Y
SKU-0496,Cooking sauce 500 g,FOOD_AMBIENT,705,0.73,SUP-31,N
SKU-0497,Instant noodles 250 g,FOOD_AMBIENT,188,3.07,SUP-52,N
SKU-0498,Breakfast cereal family pack,FOOD_AMBIENT,613,10.8,SUP-30,Y
SKU-0499,Oats 250 g,FOOD_AMBIENT,489,8.29,SUP-26,Y
SKU-0500,Basmati rice family pack,FOOD_AMBIENT,703,11.99,SUP-36,N
SKU-0501,Soup mix 500 g,FOOD_AMBIENT,469,3.93,SUP-31,Y
SKU-0502,Butter 4 pack,FOOD_CHILLED,126,5.89,SUP-17,N
SKU-0503,Canned tomatoes 1 kg,FOOD_AMBIENT,372,2.22,SUP-58,Y
SKU-0504,Soup mix 1 kg,FOOD_AMBIENT,593,8.1,SUP-47,Y
SKU-0505,Sugar twin pack,FOOD_AMBIENT,482,3.48,SUP-26,Y
SKU-0506,Vitamin C tablets 200 ml,HEALTHCARE,962,29.2,SUP-53,Y
SKU-0507,Egg tray 6 pack,FOOD_CHILLED,136,4.5,SUP-41,N
SKU-0508,Fruit jam 1 kg,FOOD_AMBIENT,699,3.95,SUP-54,N
SKU-0509,Hummus 1 l,FOOD_CHILLED,68,5.47,SUP-09,N
SKU-0510,Cornflakes family pack,FOOD_AMBIENT,367,11.39,SUP-42,Y
SKU-0511,Fruit juice 4 pack,FOOD_CHILLED,73,11.55,SUP-27,N
SKU-0512,Peanut butter family pack,FOOD_AMBIENT,560,3.5,SUP-30,N
SKU-0513,Ready meal 6 pack,FOOD_CHILLED,51,13.2,SUP-38,N
SKU-0514,Multivitamin 200 ml,HEALTHCARE,848,35.91,SUP-08,N
SKU-0515,Salted snacks 1 kg,FOOD_AMBIENT,485,5.25,SUP-09,N
SKU-0516,Peanut butter twin pack,FOOD_AMBIENT,599,11.85,SUP-10,Y
SKU-0517,Eye drops pack of 10,HEALTHCARE,549,31.82,SUP-22,N
SKU-0518,Instant noodles 500 g,FOOD_AMBIENT,500,7.8,SUP-29,Y
SKU-0519,Sandwich pack 500 ml,FOOD_CHILLED,144,3.78,SUP-32,N
SKU-0520,Lentils twin pack,FOOD_AMBIENT,312,7.57,SUP-26,Y
SKU-0521,Ready meal 6 pack,FOOD_CHILLED,94,1.56,SUP-13,N
SKU-0522,Basmati rice 250 g,FOOD_AMBIENT,509,9.2,SUP-13,Y
SKU-0523,Basmati rice family pack,FOOD_AMBIENT,434,3.1,SUP-20,Y
SKU-0524,Salted snacks 1 kg,FOOD_AMBIENT,695,7.27,SUP-05,N
SKU-0525,Cough syrup 200 ml,HEALTHCARE,662,19.87,SUP-39,Y
SKU-0526,Cooking sauce twin pack,FOOD_AMBIENT,317,4.44,SUP-23,N
SKU-0527,Instant noodles 1 kg,FOOD_AMBIENT,593,0.72,SUP-47,N
SKU-0528,Antacid syrup 60 ct,HEALTHCARE,387,24.82,SUP-08,Y
SKU-0529,Cream 4 pack,FOOD_CHILLED,146,2.0,SUP-50,Y
SKU-0530,Vitamin C tablets 30 ct,HEALTHCARE,973,39.8,SUP-42,N
SKU-0531,Yoghurt 1 l,FOOD_CHILLED,133,3.06,SUP-25,Y
SKU-0532,Breakfast cereal 1 kg,FOOD_AMBIENT,665,8.57,SUP-45,N
SKU-0533,Yoghurt 250 g,FOOD_CHILLED,83,7.18,SUP-43,Y
SKU-0534,Soup mix 500 g,FOOD_AMBIENT,320,5.32,SUP-33,N
SKU-0535,Multivitamin 30 ct,HEALTHCARE,654,7.22,SUP-32,Y
SKU-0536,Cheese slices 6 pack,FOOD_CHILLED,144,5.05,SUP-13,Y
SKU-0537,Cooking sauce 250 g,FOOD_AMBIENT,482,2.34,SUP-32,N
SKU-0538,Eye drops 30 ct,HEALTHCARE,857,15.23,SUP-01,N
SKU-0539,Hand sanitiser pack of 10,HEALTHCARE,478,33.9,SUP-10,N
SKU-0540,Spice mix 500 g,FOOD_AMBIENT,256,8.82,SUP-58,Y
SKU-0541,Pasta family pack,FOOD_AMBIENT,647,11.87,SUP-17,Y
SKU-0542,Cooking oil family pack,FOOD_AMBIENT,358,10.55,SUP-24,N
SKU-0543,Peanut butter 500 g,FOOD_AMBIENT,616,8.99,SUP-55,N
SKU-0544,Wheat flour 1 kg,FOOD_AMBIENT,189,10.3,SUP-22,Y
SKU-0545,Ready meal 250 g,FOOD_CHILLED,124,5.12,SUP-24,N
SKU-0546,Instant noodles twin pack,FOOD_AMBIENT,296,5.11,SUP-18,N
SKU-0547,Egg tray 500 ml,FOOD_CHILLED,106,12.3,SUP-08,Y
SKU-0548,Eye drops 60 ct,HEALTHCARE,425,39.32,SUP-07,Y
SKU-0549,Cold cuts 1 l,FOOD_CHILLED,106,12.33,SUP-12,N
SKU-0550,First-aid kit refill 60 ct,HEALTHCARE,732,25.62,SUP-31,N
SKU-0551,Cooking oil 500 g,FOOD_AMBIENT,601,5.57,SUP-17,N
SKU-0552,Yoghurt 6 pack,FOOD_CHILLED,135,13.22,SUP-50,N
SKU-0553,Egg tray 4 pack,FOOD_CHILLED,117,4.52,SUP-34,Y
SKU-0554,Soup mix 1 kg,FOOD_AMBIENT,277,5.48,SUP-31,Y
SKU-0555,Salted snacks 250 g,FOOD_AMBIENT,332,10.15,SUP-58,N
SKU-0556,Vitamin C tablets 60 ct,HEALTHCARE,376,26.81,SUP-33,N
SKU-0557,Sugar twin pack,FOOD_AMBIENT,349,1.36,SUP-21,Y
SKU-0558,Breakfast cereal 250 g,FOOD_AMBIENT,231,6.33,SUP-42,Y
SKU-0559,Digital thermometer strips pack of 10,HEALTHCARE,605,5.92,SUP-52,Y
SKU-0560,Fresh milk 250 g,FOOD_CHILLED,108,7.54,SUP-32,N
SKU-0561,Basmati rice 500 g,FOOD_AMBIENT,285,5.14,SUP-36,Y
SKU-0562,Salad bowl 6 pack,FOOD_CHILLED,56,12.19,SUP-41,Y
SKU-0563,Hummus 1 l,FOOD_CHILLED,116,4.29,SUP-22,Y
SKU-0564,Wheat flour family pack,FOOD_AMBIENT,408,10.21,SUP-36,N
SKU-0565,Cold cuts 4 pack,FOOD_CHILLED,105,11.17,SUP-46,Y
SKU-0566,Multivitamin 100 ml,HEALTHCARE,1039,11.2,SUP-23,N
SKU-0567,Canned tomatoes 500 g,FOOD_AMBIENT,714,4.8,SUP-03,N
SKU-0568,Sugar twin pack,FOOD_AMBIENT,323,9.95,SUP-07,Y
SKU-0569,Antacid syrup pack of 10,HEALTHCARE,557,7.47,SUP-14,Y
SKU-0570,Sandwich pack 250 g,FOOD_CHILLED,69,11.18,SUP-49,Y
SKU-0571,Chocolate bar twin pack,FOOD_AMBIENT,306,9.38,SUP-30,N
SKU-0572,Spice mix 500 g,FOOD_AMBIENT,317,11.58,SUP-34,N
SKU-0573,Hummus 1 l,FOOD_CHILLED,100,12.82,SUP-60,Y
SKU-0574,Dessert cup 500 ml,FOOD_CHILLED,67,10.84,SUP-47,N
SKU-0575,Fresh milk 6 pack,FOOD_CHILLED,94,10.38,SUP-57,Y
SKU-0576,Salted snacks 1 kg,FOOD_AMBIENT,608,11.76,SUP-18,Y
SKU-0577,Peanut butter 1 kg,FOOD_AMBIENT,481,5.71,SUP-09,Y
SKU-0578,Eye drops 200 ml,HEALTHCARE,889,14.06,SUP-56,Y
SKU-0579,Cornflakes 250 g,FOOD_AMBIENT,402,2.81,SUP-46,Y
SKU-0580,Fruit jam 1 kg,FOOD_AMBIENT,315,11.79,SUP-33,Y
SKU-0581,Peanut butter 250 g,FOOD_AMBIENT,298,9.25,SUP-31,Y
SKU-0582,Cream 6 pack,FOOD_CHILLED,135,7.14,SUP-19,N
SKU-0583,Cooking sauce 500 g,FOOD_AMBIENT,193,6.51,SUP-25,Y
SKU-0584,Cream 500 ml,FOOD_CHILLED,52,4.2,SUP-19,N
SKU-0585,Paracetamol pack 100 ml,HEALTHCARE,428,28.55,SUP-14,N
SKU-0586,Vitamin C tablets 30 ct,HEALTHCARE,732,33.12,SUP-40,N
SKU-0587,Cornflakes 250 g,FOOD_AMBIENT,409,9.04,SUP-25,Y
SKU-0588,Canned tomatoes twin pack,FOOD_AMBIENT,228,11.15,SUP-27,N
SKU-0589,Cream 250 g,FOOD_CHILLED,85,14.54,SUP-01,N
SKU-0590,Biscuits family pack,FOOD_AMBIENT,633,10.04,SUP-49,Y
SKU-0591,Soup mix 1 kg,FOOD_AMBIENT,381,9.43,SUP-19,Y
SKU-0592,Cream 500 ml,FOOD_CHILLED,54,4.02,SUP-48,Y
SKU-0593,Fresh pasta 6 pack,FOOD_CHILLED,50,7.28,SUP-17,Y
SKU-0594,Cold cuts 1 l,FOOD_CHILLED,77,1.58,SUP-46,N
SKU-0595,Wheat flour 250 g,FOOD_AMBIENT,337,11.18,SUP-04,N
SKU-0596,Pain relief gel 100 ml,HEALTHCARE,995,34.2,SUP-32,N
SKU-0597,Hummus 4 pack,FOOD_CHILLED,90,2.48,SUP-34,Y
SKU-0598,Paracetamol pack 200 ml,HEALTHCARE,898,5.52,SUP-11,Y
SKU-0599,Cornflakes 1 kg,FOOD_AMBIENT,593,1.56,SUP-57,Y
SKU-0600,Peanut butter 1 kg,FOOD_AMBIENT,519,4.65,SUP-49,N
SKU-0601,Ready meal 250 g,FOOD_CHILLED,116,12.62,SUP-08,N
SKU-0602,Oats 250 g,FOOD_AMBIENT,426,10.9,SUP-59,N
SKU-0603,Vitamin C tablets pack of 10,HEALTHCARE,1063,35.77,SUP-59,N
SKU-0604,Cooking oil family pack,FOOD_AMBIENT,575,3.45,SUP-02,N
SKU-0605,Salad bowl 6 pack,FOOD_CHILLED,143,6.56,SUP-29,Y
SKU-0606,Canned tomatoes 500 g,FOOD_AMBIENT,377,4.18,SUP-07,Y
SKU-0607,Sandwich pack 250 g,FOOD_CHILLED,113,8.7,SUP-14,N
SKU-0608,Biscuits 1 kg,FOOD_AMBIENT,614,10.11,SUP-35,N
SKU-0609,Hand sanitiser 30 ct,HEALTHCARE,810,26.92,SUP-48,N
SKU-0610,Basmati rice 500 g,FOOD_AMBIENT,650,8.74,SUP-06,Y
SKU-0611,Instant noodles 250 g,FOOD_AMBIENT,437,6.92,SUP-53,Y
SKU-0612,Cough syrup pack of 10,HEALTHCARE,782,17.36,SUP-28,Y
SKU-0613,Salted snacks 250 g,FOOD_AMBIENT,301,6.65,SUP-05,N
SKU-0614,Chocolate bar 500 g,FOOD_AMBIENT,226,8.56,SUP-23,N
SKU-0615,Cooking oil family pack,FOOD_AMBIENT,476,9.55,SUP-39,Y
SKU-0616,Oats 500 g,FOOD_AMBIENT,570,5.04,SUP-31,Y
SKU-0617,Pasta 250 g,FOOD_AMBIENT,319,9.09,SUP-19,N
SKU-0618,Tea family pack,FOOD_AMBIENT,485,8.29,SUP-01,Y
SKU-0619,Cornflakes 500 g,FOOD_AMBIENT,324,1.92,SUP-37,Y
SKU-0620,Cornflakes family pack,FOOD_AMBIENT,267,4.0,SUP-14,Y
SKU-0621,Spice mix 1 kg,FOOD_AMBIENT,325,2.35,SUP-40,N
SKU-0622,Biscuits 250 g,FOOD_AMBIENT,297,2.59,SUP-55,Y
SKU-0623,First-aid kit refill 200 ml,HEALTHCARE,927,20.07,SUP-05,Y
SKU-0624,Multivitamin 200 ml,HEALTHCARE,621,6.63,SUP-32,N
SKU-0625,Fruit juice 500 ml,FOOD_CHILLED,61,10.56,SUP-07,Y
SKU-0626,Lentils twin pack,FOOD_AMBIENT,378,4.15,SUP-22,N
SKU-0627,Canned tomatoes family pack,FOOD_AMBIENT,336,7.0,SUP-52,Y
SKU-0628,Cooking sauce 1 kg,FOOD_AMBIENT,352,0.56,SUP-51,Y
SKU-0629,Cooking sauce 1 kg,FOOD_AMBIENT,463,10.16,SUP-44,N
SKU-0630,Sugar family pack,FOOD_AMBIENT,653,5.62,SUP-32,Y
SKU-0631,Instant noodles 1 kg,FOOD_AMBIENT,263,10.18,SUP-58,Y
SKU-0632,Breakfast cereal 500 g,FOOD_AMBIENT,258,8.87,SUP-55,Y
SKU-0633,Yoghurt 1 l,FOOD_CHILLED,149,9.36,SUP-50,Y
SKU-0634,Hand sanitiser 200 ml,HEALTHCARE,402,23.41,SUP-58,N
SKU-0635,Ready meal 4 pack,FOOD_CHILLED,128,11.97,SUP-26,Y
SKU-0636,Chocolate bar 250 g,FOOD_AMBIENT,477,2.04,SUP-33,Y
SKU-0637,Fruit juice 500 ml,FOOD_CHILLED,109,1.64,SUP-55,N
SKU-0638,Soup mix 1 kg,FOOD_AMBIENT,349,9.21,SUP-29,Y
SKU-0639,Cold cuts 500 ml,FOOD_CHILLED,117,10.4,SUP-48,N
SKU-0640,Fruit juice 1 l,FOOD_CHILLED,50,4.45,SUP-15,Y
SKU-0641,Fruit jam 1 kg,FOOD_AMBIENT,419,0.99,SUP-34,N
SKU-0642,Fruit juice 1 l,FOOD_CHILLED,94,7.84,SUP-57,Y
SKU-0643,Peanut butter 250 g,FOOD_AMBIENT,285,8.59,SUP-41,N
SKU-0644,Breakfast cereal twin pack,FOOD_AMBIENT,358,4.83,SUP-24,Y
SKU-0645,Lentils 1 kg,FOOD_AMBIENT,709,3.39,SUP-34,Y
SKU-0646,Fruit jam 250 g,FOOD_AMBIENT,678,9.62,SUP-01,Y
SKU-0647,Paracetamol pack 30 ct,HEALTHCARE,815,9.13,SUP-33,N
SKU-0648,Biscuits family pack,FOOD_AMBIENT,333,2.65,SUP-39,N
SKU-0649,Cooking oil family pack,FOOD_AMBIENT,415,5.27,SUP-47,Y
SKU-0650,Sugar 1 kg,FOOD_AMBIENT,670,2.92,SUP-42,N
SKU-0651,Vitamin C tablets 200 ml,HEALTHCARE,614,4.6,SUP-38,Y
SKU-0652,Spice mix 1 kg,FOOD_AMBIENT,220,10.74,SUP-04,Y
SKU-0653,Instant noodles 250 g,FOOD_AMBIENT,709,11.52,SUP-37,N
SKU-0654,Canned tomatoes 250 g,FOOD_AMBIENT,267,2.99,SUP-31,N
SKU-0655,Paneer 6 pack,FOOD_CHILLED,73,12.71,SUP-10,N
SKU-0656,Digital thermometer strips 200 ml,HEALTHCARE,551,26.06,SUP-17,Y
SKU-0657,Cream 6 pack,FOOD_CHILLED,88,13.95,SUP-38,Y
SKU-0658,Antiseptic solution 30 ct,HEALTHCARE,759,7.89,SUP-13,Y
SKU-0659,Spice mix 250 g,FOOD_AMBIENT,609,10.0,SUP-07,Y
SKU-0660,Soup mix 250 g,FOOD_AMBIENT,219,10.59,SUP-33,N
SKU-0661,Lentils 250 g,FOOD_AMBIENT,673,8.08,SUP-35,N
SKU-0662,Hand sanitiser 200 ml,HEALTHCARE,1059,27.02,SUP-27,Y
SKU-0663,Wheat flour twin pack,FOOD_AMBIENT,619,3.14,SUP-51,N
SKU-0664,Fruit juice 6 pack,FOOD_CHILLED,120,12.36,SUP-07,Y
SKU-0665,Breakfast cereal 500 g,FOOD_AMBIENT,668,9.31,SUP-19,Y
SKU-0666,Cornflakes 500 g,FOOD_AMBIENT,598,3.46,SUP-46,N
SKU-0667,Vitamin C tablets 200 ml,HEALTHCARE,956,22.33,SUP-01,Y
SKU-0668,Biscuits 500 g,FOOD_AMBIENT,503,5.2,SUP-10,Y
SKU-0669,Chocolate bar 250 g,FOOD_AMBIENT,439,3.5,SUP-28,Y
SKU-0670,Calcium tablets pack of 10,HEALTHCARE,647,39.7,SUP-49,Y
SKU-0671,Hummus 500 ml,FOOD_CHILLED,145,9.03,SUP-24,Y
SKU-0672,Sugar 250 g,FOOD_AMBIENT,439,11.87,SUP-23,N
SKU-0673,Salted snacks 500 g,FOOD_AMBIENT,321,10.33,SUP-48,Y
SKU-0674,First-aid kit refill 30 ct,HEALTHCARE,1081,38.12,SUP-14,Y
SKU-0675,First-aid kit refill 200 ml,HEALTHCARE,711,32.63,SUP-45,N
SKU-0676,Wheat flour 500 g,FOOD_AMBIENT,344,4.97,SUP-52,Y
SKU-0677,Paneer 1 l,FOOD_CHILLED,105,14.0,SUP-06,Y
SKU-0678,Cheese slices 250 g,FOOD_CHILLED,92,2.58,SUP-47,Y
SKU-0679,Salted snacks 250 g,FOOD_AMBIENT,713,3.79,SUP-04,N
SKU-0680,Instant noodles 1 kg,FOOD_AMBIENT,686,5.55,SUP-55,N
SKU-0681,Spice mix 250 g,FOOD_AMBIENT,472,2.74,SUP-33,Y
SKU-0682,Cheese slices 250 g,FOOD_CHILLED,123,3.79,SUP-24,Y
SKU-0683,Basmati rice family pack,FOOD_AMBIENT,341,1.5,SUP-50,Y
SKU-0684,Salted snacks 250 g,FOOD_AMBIENT,595,7.24,SUP-01,N
SKU-0685,Lentils 250 g,FOOD_AMBIENT,272,6.82,SUP-59,Y
SKU-0686,Bandage roll 60 ct,HEALTHCARE,648,11.37,SUP-30,N
SKU-0687,Chocolate bar twin pack,FOOD_AMBIENT,184,3.5,SUP-33,Y
SKU-0688,Lentils 500 g,FOOD_AMBIENT,695,3.88,SUP-52,Y
SKU-0689,Breakfast cereal twin pack,FOOD_AMBIENT,436,8.48,SUP-37,Y
SKU-0690,Pasta twin pack,FOOD_AMBIENT,527,11.55,SUP-44,Y
SKU-0691,Chocolate bar family pack,FOOD_AMBIENT,208,6.04,SUP-05,Y
SKU-0692,Sandwich pack 500 ml,FOOD_CHILLED,73,10.64,SUP-52,Y
SKU-0693,Fruit jam family pack,FOOD_AMBIENT,708,6.66,SUP-16,Y
SKU-0694,Fresh pasta 4 pack,FOOD_CHILLED,131,11.61,SUP-05,Y
SKU-0695,Paneer 500 ml,FOOD_CHILLED,105,5.74,SUP-58,Y
SKU-0696,Instant noodles 1 kg,FOOD_AMBIENT,374,6.24,SUP-16,N
SKU-0697,Digital thermometer strips 60 ct,HEALTHCARE,636,10.65,SUP-54,Y
SKU-0698,Cold cuts 250 g,FOOD_CHILLED,90,3.61,SUP-08,N
SKU-0699,Cream 250 g,FOOD_CHILLED,129,8.15,SUP-49,N
SKU-0700,Wheat flour family pack,FOOD_AMBIENT,673,4.77,SUP-32,N
SKU-0701,Chocolate bar 250 g,FOOD_AMBIENT,461,6.14,SUP-18,Y
SKU-0702,Sandwich pack 6 pack,FOOD_CHILLED,118,3.23,SUP-52,Y
SKU-0703,Hummus 1 l,FOOD_CHILLED,49,8.28,SUP-56,N
SKU-0704,Instant noodles 250 g,FOOD_AMBIENT,648,11.73,SUP-30,Y
SKU-0705,Basmati rice twin pack,FOOD_AMBIENT,192,8.25,SUP-38,Y
SKU-0706,Fruit jam family pack,FOOD_AMBIENT,445,2.65,SUP-16,Y
SKU-0707,Cold cuts 1 l,FOOD_CHILLED,88,6.44,SUP-28,Y
SKU-0708,Fruit jam family pack,FOOD_AMBIENT,553,10.32,SUP-29,Y
SKU-0709,Paneer 250 g,FOOD_CHILLED,118,10.76,SUP-47,Y
SKU-0710,Antacid syrup pack of 10,HEALTHCARE,933,18.99,SUP-13,Y
SKU-0711,Tea 1 kg,FOOD_AMBIENT,664,9.77,SUP-27,Y
SKU-0712,Dessert cup 4 pack,FOOD_CHILLED,125,8.48,SUP-51,Y
SKU-0713,Breakfast cereal 1 kg,FOOD_AMBIENT,228,5.08,SUP-04,Y
SKU-0714,Breakfast cereal 500 g,FOOD_AMBIENT,667,10.15,SUP-29,N
SKU-0715,Breakfast cereal 250 g,FOOD_AMBIENT,549,4.64,SUP-60,N
SKU-0716,Fruit jam family pack,FOOD_AMBIENT,200,5.24,SUP-56,N
SKU-0717,Cold cuts 6 pack,FOOD_CHILLED,70,9.29,SUP-12,N
SKU-0718,Cough syrup 200 ml,HEALTHCARE,728,15.03,SUP-32,N
SKU-0719,Oats family pack,FOOD_AMBIENT,260,4.88,SUP-30,N
SKU-0720,Tea family pack,FOOD_AMBIENT,351,7.87,SUP-27,N
SKU-0721,Cold cuts 250 g,FOOD_CHILLED,96,12.96,SUP-06,Y
SKU-0722,Pasta family pack,FOOD_AMBIENT,501,4.14,SUP-46,Y
SKU-0723,Salted snacks family pack,FOOD_AMBIENT,457,10.71,SUP-48,Y
SKU-0724,Ready meal 250 g,FOOD_CHILLED,97,3.76,SUP-09,N
SKU-0725,Pain relief gel 30 ct,HEALTHCARE,622,37.8,SUP-14,Y
SKU-0726,Cooking oil twin pack,FOOD_AMBIENT,277,1.23,SUP-36,Y
SKU-0727,First-aid kit refill 30 ct,HEALTHCARE,771,22.39,SUP-07,Y
SKU-0728,Paneer 1 l,FOOD_CHILLED,55,10.34,SUP-20,Y
SKU-0729,Canned tomatoes 1 kg,FOOD_AMBIENT,633,7.7,SUP-34,N
SKU-0730,Vitamin C tablets 100 ml,HEALTHCARE,400,27.55,SUP-56,Y
SKU-0731,Salad bowl 6 pack,FOOD_CHILLED,114,14.12,SUP-29,Y
SKU-0732,Eye drops 200 ml,HEALTHCARE,917,9.55,SUP-30,N
SKU-0733,Chocolate bar 250 g,FOOD_AMBIENT,625,6.52,SUP-20,N
SKU-0734,Sugar twin pack,FOOD_AMBIENT,412,9.75,SUP-20,Y
SKU-0735,Breakfast cereal 500 g,FOOD_AMBIENT,339,3.99,SUP-34,N
SKU-0736,Tea 250 g,FOOD_AMBIENT,532,3.8,SUP-01,N
SKU-0737,Oral rehydration salts pack of 10,HEALTHCARE,853,14.09,SUP-52,Y
SKU-0738,Cheese slices 4 pack,FOOD_CHILLED,146,1.6,SUP-13,Y
SKU-0739,Iron supplement 60 ct,HEALTHCARE,812,17.61,SUP-46,N
SKU-0740,Salted snacks 500 g,FOOD_AMBIENT,567,3.04,SUP-28,N
SKU-0741,Hummus 6 pack,FOOD_CHILLED,142,12.3,SUP-52,N
SKU-0742,Breakfast cereal 250 g,FOOD_AMBIENT,471,7.96,SUP-52,Y
SKU-0743,Cheese slices 4 pack,FOOD_CHILLED,53,3.96,SUP-08,N
SKU-0744,Calcium tablets 200 ml,HEALTHCARE,828,13.07,SUP-32,Y
SKU-0745,Vitamin C tablets 200 ml,HEALTHCARE,520,4.84,SUP-02,Y
SKU-0746,Cooking oil twin pack,FOOD_AMBIENT,468,3.6,SUP-47,Y
SKU-0747,Lentils 1 kg,FOOD_AMBIENT,334,0.67,SUP-22,Y
SKU-0748,Sugar 500 g,FOOD_AMBIENT,560,5.83,SUP-22,Y
SKU-0749,Tea twin pack,FOOD_AMBIENT,237,3.56,SUP-05,Y
SKU-0750,Paneer 4 pack,FOOD_CHILLED,69,13.59,SUP-53,Y
SKU-0751,Yoghurt 500 ml,FOOD_CHILLED,60,14.66,SUP-25,N
SKU-0752,Ready meal 250 g,FOOD_CHILLED,76,11.46,SUP-13,Y
SKU-0753,First-aid kit refill 60 ct,HEALTHCARE,461,22.28,SUP-31,Y
SKU-0754,Canned tomatoes 500 g,FOOD_AMBIENT,510,2.32,SUP-48,N
SKU-0755,Spice mix family pack,FOOD_AMBIENT,305,3.41,SUP-13,Y
SKU-0756,Wheat flour 1 kg,FOOD_AMBIENT,403,11.69,SUP-41,Y
SKU-0757,Yoghurt 6 pack,FOOD_CHILLED,66,12.22,SUP-08,Y
SKU-0758,Antacid syrup 200 ml,HEALTHCARE,374,38.85,SUP-51,N
SKU-0759,Eye drops 30 ct,HEALTHCARE,975,8.73,SUP-16,Y
SKU-0760,Lentils 500 g,FOOD_AMBIENT,526,11.2,SUP-04,Y
SKU-0761,Tea 1 kg,FOOD_AMBIENT,289,1.95,SUP-21,N
SKU-0762,First-aid kit refill pack of 10,HEALTHCARE,1025,31.0,SUP-47,Y
SKU-0763,Egg tray 500 ml,FOOD_CHILLED,93,6.34,SUP-17,N
SKU-0764,Sugar 250 g,FOOD_AMBIENT,628,6.93,SUP-45,Y
SKU-0765,Chocolate bar family pack,FOOD_AMBIENT,371,6.75,SUP-47,Y
SKU-0766,Digital thermometer strips 200 ml,HEALTHCARE,978,36.84,SUP-11,Y
SKU-0767,Tea family pack,FOOD_AMBIENT,640,3.9,SUP-35,Y
SKU-0768,Yoghurt 1 l,FOOD_CHILLED,144,10.11,SUP-47,Y
SKU-0769,Basmati rice 1 kg,FOOD_AMBIENT,552,9.42,SUP-21,N
SKU-0770,Pain relief gel 60 ct,HEALTHCARE,916,33.3,SUP-34,N
SKU-0771,Cornflakes family pack,FOOD_AMBIENT,337,7.55,SUP-27,N
SKU-0772,Cooking oil 500 g,FOOD_AMBIENT,278,6.52,SUP-03,N
SKU-0773,Paneer 500 ml,FOOD_CHILLED,67,13.29,SUP-07,Y
SKU-0774,Cooking oil twin pack,FOOD_AMBIENT,212,7.07,SUP-43,Y
SKU-0775,Soup mix 1 kg,FOOD_AMBIENT,442,1.06,SUP-39,N
SKU-0776,Vitamin C tablets 30 ct,HEALTHCARE,578,27.26,SUP-30,N
SKU-0777,Yoghurt 1 l,FOOD_CHILLED,91,9.03,SUP-53,Y
SKU-0778,Eye drops 100 ml,HEALTHCARE,424,33.47,SUP-34,Y
SKU-0779,Fresh milk 500 ml,FOOD_CHILLED,83,2.55,SUP-34,Y
SKU-0780,Egg tray 500 ml,FOOD_CHILLED,74,8.68,SUP-13,Y
SKU-0781,Cheese slices 500 ml,FOOD_CHILLED,117,9.94,SUP-36,N
SKU-0782,Cooking sauce 250 g,FOOD_AMBIENT,288,9.31,SUP-23,N
SKU-0783,Cooking sauce 1 kg,FOOD_AMBIENT,286,2.42,SUP-36,Y
SKU-0784,Bandage roll 200 ml,HEALTHCARE,1038,8.85,SUP-29,N
SKU-0785,Peanut butter twin pack,FOOD_AMBIENT,512,10.22,SUP-49,N
SKU-0786,Peanut butter 1 kg,FOOD_AMBIENT,426,6.98,SUP-25,N
SKU-0787,Breakfast cereal twin pack,FOOD_AMBIENT,548,11.56,SUP-26,Y
SKU-0788,Wheat flour 250 g,FOOD_AMBIENT,471,7.35,SUP-09,N
SKU-0789,Cough syrup 60 ct,HEALTHCARE,371,14.11,SUP-14,N
SKU-0790,Basmati rice 250 g,FOOD_AMBIENT,462,11.07,SUP-36,Y
SKU-0791,Chocolate bar twin pack,FOOD_AMBIENT,338,1.58,SUP-23,Y
SKU-0792,Breakfast cereal 1 kg,FOOD_AMBIENT,555,10.73,SUP-15,Y
SKU-0793,Butter 6 pack,FOOD_CHILLED,56,9.2,SUP-59,Y
SKU-0794,Fresh milk 1 l,FOOD_CHILLED,137,5.88,SUP-12,Y
SKU-0795,Chocolate bar family pack,FOOD_AMBIENT,277,7.35,SUP-03,N
SKU-0796,Chocolate bar 500 g,FOOD_AMBIENT,570,1.4,SUP-59,N
SKU-0797,Fruit juice 250 g,FOOD_CHILLED,149,7.36,SUP-56,N
SKU-0798,Soup mix twin pack,FOOD_AMBIENT,191,7.79,SUP-04,Y
SKU-0799,Wheat flour 1 kg,FOOD_AMBIENT,506,6.71,SUP-21,Y
SKU-0800,Pasta twin pack,FOOD_AMBIENT,336,1.08,SUP-29,N
SKU-0801,Cold cuts 1 l,FOOD_CHILLED,109,2.72,SUP-19,N
SKU-0802,Paracetamol pack pack of 10,HEALTHCARE,500,15.44,SUP-37,N
SKU-0803,Hummus 1 l,FOOD_CHILLED,96,5.04,SUP-33,Y
SKU-0804,Eye drops pack of 10,HEALTHCARE,498,31.2,SUP-36,Y
SKU-0805,Salted snacks 250 g,FOOD_AMBIENT,380,6.95,SUP-16,Y
SKU-0806,Breakfast cereal 250 g,FOOD_AMBIENT,620,4.22,SUP-06,Y
SKU-0807,Antiseptic solution 60 ct,HEALTHCARE,798,16.51,SUP-21,Y
SKU-0808,Basmati rice family pack,FOOD_AMBIENT,492,2.45,SUP-40,N
SKU-0809,First-aid kit refill pack of 10,HEALTHCARE,817,26.06,SUP-03,N
SKU-0810,Pasta 1 kg,FOOD_AMBIENT,384,8.38,SUP-49,N
SKU-0811,Multivitamin 60 ct,HEALTHCARE,480,30.36,SUP-40,N
SKU-0812,Canned tomatoes 500 g,FOOD_AMBIENT,194,4.45,SUP-20,Y
SKU-0813,Basmati rice 250 g,FOOD_AMBIENT,519,2.9,SUP-14,Y
SKU-0814,Iron supplement 200 ml,HEALTHCARE,629,23.31,SUP-47,N
SKU-0815,Egg tray 1 l,FOOD_CHILLED,134,10.52,SUP-38,N
SKU-0816,Spice mix 500 g,FOOD_AMBIENT,224,3.44,SUP-19,Y
SKU-0817,Soup mix 500 g,FOOD_AMBIENT,457,1.11,SUP-05,Y
SKU-0818,Breakfast cereal 500 g,FOOD_AMBIENT,548,10.44,SUP-19,N
SKU-0819,Salted snacks 250 g,FOOD_AMBIENT,416,11.77,SUP-46,Y
SKU-0820,Fruit juice 6 pack,FOOD_CHILLED,107,13.2,SUP-06,Y
SKU-0821,Spice mix 500 g,FOOD_AMBIENT,648,6.95,SUP-03,Y
SKU-0822,Spice mix twin pack,FOOD_AMBIENT,492,4.34,SUP-48,Y
SKU-0823,Fruit jam family pack,FOOD_AMBIENT,540,4.59,SUP-16,N
SKU-0824,Hummus 4 pack,FOOD_CHILLED,80,12.46,SUP-57,Y
SKU-0825,Salad bowl 4 pack,FOOD_CHILLED,48,14.25,SUP-15,Y
SKU-0826,Hand sanitiser 30 ct,HEALTHCARE,767,27.31,SUP-47,Y
SKU-0827,Soup mix 250 g,FOOD_AMBIENT,412,5.3,SUP-10,Y
SKU-0828,Butter 6 pack,FOOD_CHILLED,122,5.95,SUP-09,Y
SKU-0829,Tea family pack,FOOD_AMBIENT,387,10.42,SUP-45,N
SKU-0830,Spice mix 1 kg,FOOD_AMBIENT,318,5.45,SUP-42,N
SKU-0831,Hand sanitiser 200 ml,HEALTHCARE,526,14.75,SUP-35,N
SKU-0832,Cooking oil 1 kg,FOOD_AMBIENT,368,4.15,SUP-47,Y
SKU-0833,Peanut butter family pack,FOOD_AMBIENT,603,11.55,SUP-29,N
SKU-0834,Salad bowl 4 pack,FOOD_CHILLED,126,14.1,SUP-10,N
SKU-0835,Cooking oil 250 g,FOOD_AMBIENT,314,2.62,SUP-40,Y
SKU-0836,Chocolate bar 1 kg,FOOD_AMBIENT,416,7.36,SUP-44,Y
SKU-0837,Lentils 250 g,FOOD_AMBIENT,668,2.04,SUP-31,N
SKU-0838,Fruit jam twin pack,FOOD_AMBIENT,368,10.3,SUP-31,Y
SKU-0839,Antacid syrup 30 ct,HEALTHCARE,596,4.19,SUP-60,Y
SKU-0840,Fresh pasta 500 ml,FOOD_CHILLED,73,11.52,SUP-49,Y
SKU-0841,Paneer 1 l,FOOD_CHILLED,101,13.21,SUP-45,Y
SKU-0842,Oats 500 g,FOOD_AMBIENT,432,5.42,SUP-39,N
SKU-0843,Salted snacks 250 g,FOOD_AMBIENT,500,5.03,SUP-39,Y
SKU-0844,Wheat flour twin pack,FOOD_AMBIENT,713,1.76,SUP-53,N
SKU-0845,Pasta 500 g,FOOD_AMBIENT,711,6.69,SUP-36,Y
SKU-0846,First-aid kit refill 60 ct,HEALTHCARE,1010,38.62,SUP-19,Y
SKU-0847,Hand sanitiser 100 ml,HEALTHCARE,676,31.63,SUP-30,Y
SKU-0848,Cough syrup 200 ml,HEALTHCARE,992,37.0,SUP-58,Y
SKU-0849,Oats 500 g,FOOD_AMBIENT,272,8.81,SUP-12,N
SKU-0850,Hand sanitiser pack of 10,HEALTHCARE,1077,23.22,SUP-27,Y
SKU-0851,Yoghurt 500 ml,FOOD_CHILLED,67,7.62,SUP-57,Y
SKU-0852,Cough syrup 60 ct,HEALTHCARE,696,28.59,SUP-46,N
SKU-0853,Lentils family pack,FOOD_AMBIENT,296,8.62,SUP-06,Y
SKU-0854,Salted snacks 1 kg,FOOD_AMBIENT,703,7.54,SUP-25,Y
SKU-0855,Yoghurt 4 pack,FOOD_CHILLED,143,3.81,SUP-37,N
SKU-0856,Tea 1 kg,FOOD_AMBIENT,346,10.49,SUP-50,N
SKU-0857,Cooking sauce twin pack,FOOD_AMBIENT,495,4.06,SUP-19,N
SKU-0858,Cooking oil 500 g,FOOD_AMBIENT,314,11.54,SUP-40,N
SKU-0859,Basmati rice twin pack,FOOD_AMBIENT,649,6.22,SUP-35,N
SKU-0860,Soup mix 250 g,FOOD_AMBIENT,685,3.24,SUP-43,Y
SKU-0861,Antiseptic solution 200 ml,HEALTHCARE,817,5.94,SUP-01,Y
SKU-0862,Hummus 6 pack,FOOD_CHILLED,80,9.87,SUP-53,N
SKU-0863,Wheat flour family pack,FOOD_AMBIENT,369,2.2,SUP-03,Y
SKU-0864,Wheat flour 500 g,FOOD_AMBIENT,485,4.31,SUP-04,Y
SKU-0865,Instant noodles 250 g,FOOD_AMBIENT,345,8.23,SUP-43,N
SKU-0866,Cold cuts 500 ml,FOOD_CHILLED,118,12.13,SUP-30,N
SKU-0867,Fruit jam family pack,FOOD_AMBIENT,216,1.57,SUP-21,Y
SKU-0868,Salted snacks 250 g,FOOD_AMBIENT,249,9.22,SUP-05,Y
SKU-0869,Tea family pack,FOOD_AMBIENT,304,8.49,SUP-22,Y
SKU-0870,Spice mix 250 g,FOOD_AMBIENT,394,8.5,SUP-04,Y
SKU-0871,Spice mix 250 g,FOOD_AMBIENT,269,6.06,SUP-60,N
SKU-0872,Eye drops 100 ml,HEALTHCARE,659,18.8,SUP-17,Y
SKU-0873,Soup mix 250 g,FOOD_AMBIENT,542,11.16,SUP-37,Y
SKU-0874,Sugar 250 g,FOOD_AMBIENT,684,9.79,SUP-15,N
SKU-0875,Biscuits twin pack,FOOD_AMBIENT,181,1.86,SUP-41,N
SKU-0876,Biscuits family pack,FOOD_AMBIENT,604,5.26,SUP-23,Y
SKU-0877,Biscuits family pack,FOOD_AMBIENT,191,7.87,SUP-17,N
SKU-0878,Canned tomatoes family pack,FOOD_AMBIENT,487,6.33,SUP-50,Y
SKU-0879,Pain relief gel 200 ml,HEALTHCARE,706,15.63,SUP-40,N
SKU-0880,Salad bowl 4 pack,FOOD_CHILLED,67,4.12,SUP-60,N
SKU-0881,Dessert cup 500 ml,FOOD_CHILLED,105,12.26,SUP-31,Y
SKU-0882,Oral rehydration salts pack of 10,HEALTHCARE,914,36.15,SUP-51,N
SKU-0883,Wheat flour family pack,FOOD_AMBIENT,713,3.94,SUP-36,Y
SKU-0884,Cheese slices 4 pack,FOOD_CHILLED,118,10.75,SUP-05,N
SKU-0885,Breakfast cereal twin pack,FOOD_AMBIENT,211,4.4,SUP-41,Y
SKU-0886,Paneer 500 ml,FOOD_CHILLED,118,9.68,SUP-39,Y
SKU-0887,First-aid kit refill 100 ml,HEALTHCARE,680,29.09,SUP-46,Y
SKU-0888,Antiseptic solution 60 ct,HEALTHCARE,453,21.39,SUP-24,Y
SKU-0889,Cough syrup 60 ct,HEALTHCARE,586,22.43,SUP-08,Y
SKU-0890,Wheat flour twin pack,FOOD_AMBIENT,386,11.0,SUP-33,Y
SKU-0891,Sugar family pack,FOOD_AMBIENT,692,2.27,SUP-60,Y
SKU-0892,Salad bowl 4 pack,FOOD_CHILLED,112,5.69,SUP-10,N
SKU-0893,Cooking oil 1 kg,FOOD_AMBIENT,708,8.28,SUP-14,N
SKU-0894,Oral rehydration salts 200 ml,HEALTHCARE,761,29.41,SUP-08,Y
SKU-0895,Wheat flour 500 g,FOOD_AMBIENT,269,4.33,SUP-07,Y
SKU-0896,Canned tomatoes family pack,FOOD_AMBIENT,203,7.14,SUP-41,N
SKU-0897,Peanut butter family pack,FOOD_AMBIENT,385,2.71,SUP-35,Y
SKU-0898,Ready meal 500 ml,FOOD_CHILLED,130,3.09,SUP-11,Y
SKU-0899,Basmati rice 250 g,FOOD_AMBIENT,706,1.68,SUP-23,Y
SKU-0900,Breakfast cereal family pack,FOOD_AMBIENT,324,11.35,SUP-37,Y
SKU-0901,Fresh milk 4 pack,FOOD_CHILLED,84,9.78,SUP-35,Y
SKU-0902,Tea 500 g,FOOD_AMBIENT,209,5.91,SUP-07,Y
SKU-0903,Multivitamin 200 ml,HEALTHCARE,801,17.5,SUP-58,Y
SKU-0904,Oats 1 kg,FOOD_AMBIENT,544,4.09,SUP-46,N
SKU-0905,Sandwich pack 1 l,FOOD_CHILLED,113,2.56,SUP-37,Y
SKU-0906,Oats twin pack,FOOD_AMBIENT,279,5.74,SUP-31,Y
SKU-0907,Cheese slices 6 pack,FOOD_CHILLED,63,13.12,SUP-17,N
SKU-0908,Salted snacks family pack,FOOD_AMBIENT,367,8.55,SUP-51,N
SKU-0909,Peanut butter 500 g,FOOD_AMBIENT,644,6.11,SUP-31,Y
SKU-0910,Oral rehydration salts 100 ml,HEALTHCARE,837,34.29,SUP-50,Y
SKU-0911,Calcium tablets pack of 10,HEALTHCARE,495,21.79,SUP-53,N
SKU-0912,Cooking oil 500 g,FOOD_AMBIENT,513,6.9,SUP-51,Y
SKU-0913,Oats 1 kg,FOOD_AMBIENT,590,7.29,SUP-40,Y
SKU-0914,Instant noodles family pack,FOOD_AMBIENT,673,4.91,SUP-14,N
SKU-0915,Chocolate bar twin pack,FOOD_AMBIENT,621,9.52,SUP-37,N
SKU-0916,Hummus 250 g,FOOD_CHILLED,133,4.69,SUP-48,N
SKU-0917,Cold cuts 6 pack,FOOD_CHILLED,107,3.04,SUP-30,Y
SKU-0918,Multivitamin pack of 10,HEALTHCARE,820,9.52,SUP-05,Y
SKU-0919,Soup mix 500 g,FOOD_AMBIENT,568,4.27,SUP-06,Y
SKU-0920,Paracetamol pack 30 ct,HEALTHCARE,959,36.42,SUP-49,Y
SKU-0921,Tea twin pack,FOOD_AMBIENT,643,6.61,SUP-40,Y
SKU-0922,Biscuits family pack,FOOD_AMBIENT,390,8.34,SUP-20,Y
SKU-0923,Canned tomatoes family pack,FOOD_AMBIENT,625,8.75,SUP-06,Y
SKU-0924,Cold cuts 500 ml,FOOD_CHILLED,110,6.96,SUP-55,Y
SKU-0925,Fruit jam 250 g,FOOD_AMBIENT,234,0.51,SUP-53,N
SKU-0926,Cooking oil 1 kg,FOOD_AMBIENT,468,10.46,SUP-28,N
SKU-0927,Fresh pasta 1 l,FOOD_CHILLED,125,5.79,SUP-26,Y
SKU-0928,Iron supplement pack of 10,HEALTHCARE,581,27.51,SUP-09,Y
SKU-0929,Salted snacks 1 kg,FOOD_AMBIENT,548,10.16,SUP-19,N
SKU-0930,Pain relief gel 30 ct,HEALTHCARE,493,7.97,SUP-42,Y
SKU-0931,Sugar 1 kg,FOOD_AMBIENT,627,11.71,SUP-06,Y
SKU-0932,First-aid kit refill 200 ml,HEALTHCARE,790,34.83,SUP-60,Y
SKU-0933,Instant noodles 250 g,FOOD_AMBIENT,645,6.36,SUP-53,Y
SKU-0934,Fruit juice 6 pack,FOOD_CHILLED,73,4.01,SUP-01,Y
SKU-0935,Digital thermometer strips 100 ml,HEALTHCARE,607,29.35,SUP-27,N
SKU-0936,Cold cuts 250 g,FOOD_CHILLED,91,1.95,SUP-37,Y
SKU-0937,Fruit juice 250 g,FOOD_CHILLED,59,9.33,SUP-10,N
SKU-0938,Spice mix 500 g,FOOD_AMBIENT,466,5.85,SUP-34,N
SKU-0939,Fresh milk 250 g,FOOD_CHILLED,76,7.88,SUP-44,N
SKU-0940,First-aid kit refill 30 ct,HEALTHCARE,958,14.56,SUP-58,Y
SKU-0941,Basmati rice twin pack,FOOD_AMBIENT,660,5.72,SUP-37,N
SKU-0942,Antiseptic solution 100 ml,HEALTHCARE,726,38.54,SUP-19,Y
SKU-0943,Soup mix 250 g,FOOD_AMBIENT,491,8.86,SUP-17,Y
SKU-0944,Sugar family pack,FOOD_AMBIENT,353,7.09,SUP-52,N
SKU-0945,Yoghurt 500 ml,FOOD_CHILLED,81,8.04,SUP-33,Y
SKU-0946,Breakfast cereal family pack,FOOD_AMBIENT,438,2.02,SUP-18,N
SKU-0947,Vitamin C tablets 200 ml,HEALTHCARE,479,25.34,SUP-48,Y
SKU-0948,Ready meal 4 pack,FOOD_CHILLED,92,12.41,SUP-51,N
SKU-0949,Oral rehydration salts 30 ct,HEALTHCARE,550,32.58,SUP-22,N
SKU-0950,Paneer 500 ml,FOOD_CHILLED,121,14.11,SUP-54,Y
SKU-0951,Cooking sauce twin pack,FOOD_AMBIENT,572,3.24,SUP-47,N
SKU-0952,Biscuits family pack,FOOD_AMBIENT,533,1.12,SUP-49,N
SKU-0953,Vitamin C tablets pack of 10,HEALTHCARE,536,20.17,SUP-20,Y
SKU-0954,Cornflakes twin pack,FOOD_AMBIENT,419,4.87,SUP-31,Y
SKU-0955,Spice mix twin pack,FOOD_AMBIENT,625,0.64,SUP-25,N
SKU-0956,Iron supplement 30 ct,HEALTHCARE,1064,38.37,SUP-59,Y
SKU-0957,Fruit jam family pack,FOOD_AMBIENT,622,7.52,SUP-22,Y
SKU-0958,Sandwich pack 6 pack,FOOD_CHILLED,57,4.95,SUP-26,Y
SKU-0959,Cream 6 pack,FOOD_CHILLED,140,4.76,SUP-50,Y
SKU-0960,Peanut butter 500 g,FOOD_AMBIENT,364,4.1,SUP-44,Y
SKU-0961,Fresh milk 6 pack,FOOD_CHILLED,46,7.05,SUP-07,N
SKU-0962,Fruit jam family pack,FOOD_AMBIENT,404,8.84,SUP-13,Y
SKU-0963,Calcium tablets 200 ml,HEALTHCARE,459,5.1,SUP-43,N
SKU-0964,Cheese slices 250 g,FOOD_CHILLED,121,10.11,SUP-06,N
SKU-0965,Tea 250 g,FOOD_AMBIENT,564,8.05,SUP-52,N
SKU-0966,Dessert cup 4 pack,FOOD_CHILLED,59,10.89,SUP-19,Y
SKU-0967,Hand sanitiser 100 ml,HEALTHCARE,442,26.63,SUP-50,Y
SKU-0968,Peanut butter 500 g,FOOD_AMBIENT,443,2.36,SUP-18,N
SKU-0969,Antiseptic solution 30 ct,HEALTHCARE,762,15.31,SUP-17,N
SKU-0970,Cough syrup pack of 10,HEALTHCARE,547,19.3,SUP-60,Y
SKU-0971,Salted snacks 500 g,FOOD_AMBIENT,362,7.92,SUP-10,Y
SKU-0972,Cooking sauce 500 g,FOOD_AMBIENT,403,7.56,SUP-59,Y
SKU-0973,Cough syrup 30 ct,HEALTHCARE,470,4.29,SUP-37,N
SKU-0974,Oats 1 kg,FOOD_AMBIENT,199,10.81,SUP-42,N
SKU-0975,Hand sanitiser 100 ml,HEALTHCARE,403,27.59,SUP-10,N
SKU-0976,Salted snacks twin pack,FOOD_AMBIENT,183,6.43,SUP-31,Y
SKU-0977,Lentils twin pack,FOOD_AMBIENT,411,0.54,SUP-08,Y
SKU-0978,Hand sanitiser 100 ml,HEALTHCARE,732,15.34,SUP-26,Y
SKU-0979,Cream 4 pack,FOOD_CHILLED,56,6.43,SUP-06,N
SKU-0980,First-aid kit refill 60 ct,HEALTHCARE,661,26.97,SUP-36,Y
SKU-0981,Antiseptic solution pack of 10,HEALTHCARE,1041,10.07,SUP-58,Y
SKU-0982,Egg tray 1 l,FOOD_CHILLED,90,8.07,SUP-48,Y
SKU-0983,Vitamin C tablets 200 ml,HEALTHCARE,562,3.94,SUP-16,Y
SKU-0984,Fresh milk 4 pack,FOOD_CHILLED,146,8.8,SUP-32,Y
SKU-0985,Oats 500 g,FOOD_AMBIENT,196,0.93,SUP-22,N
SKU-0986,Wheat flour 250 g,FOOD_AMBIENT,595,1.86,SUP-30,N
SKU-0987,Digital thermometer strips 200 ml,HEALTHCARE,914,8.51,SUP-15,N
SKU-0988,Wheat flour 500 g,FOOD_AMBIENT,324,6.12,SUP-31,N
SKU-0989,Cold cuts 500 ml,FOOD_CHILLED,50,4.78,SUP-01,Y
SKU-0990,Vitamin C tablets 30 ct,HEALTHCARE,679,33.37,SUP-30,N
SKU-0991,Chocolate bar 500 g,FOOD_AMBIENT,245,9.9,SUP-08,Y
SKU-0992,Soup mix 1 kg,FOOD_AMBIENT,405,1.23,SUP-28,Y
SKU-0993,Salted snacks 250 g,FOOD_AMBIENT,512,1.89,SUP-35,Y
SKU-0994,Biscuits family pack,FOOD_AMBIENT,226,7.32,SUP-05,Y
SKU-0995,Tea family pack,FOOD_AMBIENT,605,2.43,SUP-36,Y
SKU-0996,Pasta 250 g,FOOD_AMBIENT,221,2.03,SUP-25,N
SKU-0997,Basmati rice 500 g,FOOD_AMBIENT,678,1.43,SUP-12,N
SKU-0998,Eye drops 100 ml,HEALTHCARE,1032,24.97,SUP-27,N
SKU-0999,Sugar family pack,FOOD_AMBIENT,309,2.87,SUP-34,Y
SKU-1000,Pasta 500 g,FOOD_AMBIENT,358,7.52,SUP-39,Y
SKU-1001,Ready meal 4 pack,FOOD_CHILLED,123,14.33,SUP-23,Y
SKU-1002,Cornflakes 250 g,FOOD_AMBIENT,421,2.71,SUP-07,N
SKU-1003,Cornflakes 1 kg,FOOD_AMBIENT,699,3.02,SUP-18,Y
SKU-1004,Cooking oil twin pack,FOOD_AMBIENT,332,8.38,SUP-32,Y
SKU-1005,Cream 4 pack,FOOD_CHILLED,50,2.23,SUP-19,Y
SKU-1006,Breakfast cereal twin pack,FOOD_AMBIENT,522,7.59,SUP-03,Y
SKU-1007,Vitamin C tablets 30 ct,HEALTHCARE,915,9.51,SUP-32,Y
SKU-1008,Lentils 250 g,FOOD_AMBIENT,420,8.8,SUP-38,Y
SKU-1009,Antacid syrup 60 ct,HEALTHCARE,1058,36.24,SUP-50,Y
SKU-1010,Antacid syrup pack of 10,HEALTHCARE,465,11.77,SUP-56,Y
SKU-1011,Dessert cup 6 pack,FOOD_CHILLED,73,2.49,SUP-32,Y
SKU-1012,Antiseptic solution 200 ml,HEALTHCARE,513,11.0,SUP-30,Y
SKU-1013,Bandage roll 60 ct,HEALTHCARE,504,19.94,SUP-41,Y
SKU-1014,Breakfast cereal 500 g,FOOD_AMBIENT,387,4.36,SUP-45,Y
SKU-1015,Breakfast cereal twin pack,FOOD_AMBIENT,319,1.78,SUP-30,Y
SKU-1016,Sandwich pack 4 pack,FOOD_CHILLED,88,4.47,SUP-39,Y
SKU-1017,Soup mix 250 g,FOOD_AMBIENT,354,7.15,SUP-55,Y
SKU-1018,Cooking sauce 1 kg,FOOD_AMBIENT,714,6.13,SUP-38,Y
SKU-1019,Oral rehydration salts pack of 10,HEALTHCARE,650,3.54,SUP-48,N
SKU-1020,Antacid syrup 60 ct,HEALTHCARE,700,19.07,SUP-58,N
SKU-1021,Tea 500 g,FOOD_AMBIENT,185,5.3,SUP-03,N
SKU-1022,Eye drops 200 ml,HEALTHCARE,881,4.24,SUP-26,Y
SKU-1023,First-aid kit refill pack of 10,HEALTHCARE,1078,33.39,SUP-32,Y
SKU-1024,Cornflakes twin pack,FOOD_AMBIENT,192,8.47,SUP-14,Y
SKU-1025,Canned tomatoes 500 g,FOOD_AMBIENT,424,7.95,SUP-02,Y
SKU-1026,Canned tomatoes 250 g,FOOD_AMBIENT,345,8.59,SUP-48,Y
SKU-1027,Ready meal 1 l,FOOD_CHILLED,104,11.92,SUP-12,N
SKU-1028,Fruit juice 250 g,FOOD_CHILLED,125,7.77,SUP-56,N
SKU-1029,Antiseptic solution 30 ct,HEALTHCARE,1072,15.32,SUP-19,Y
SKU-1030,Breakfast cereal 500 g,FOOD_AMBIENT,392,9.56,SUP-40,N
SKU-1031,Wheat flour family pack,FOOD_AMBIENT,707,11.37,SUP-57,Y
SKU-1032,Fresh pasta 250 g,FOOD_CHILLED,91,7.78,SUP-24,Y
SKU-1033,Cornflakes 1 kg,FOOD_AMBIENT,248,6.95,SUP-09,N
SKU-1034,Pasta 250 g,FOOD_AMBIENT,296,7.96,SUP-56,N
SKU-1035,Cheese slices 500 ml,FOOD_CHILLED,141,11.56,SUP-21,Y
SKU-1036,Cough syrup 100 ml,HEALTHCARE,880,28.17,SUP-04,Y
SKU-1037,Fruit jam 250 g,FOOD_AMBIENT,643,6.09,SUP-54,Y
SKU-1038,Eye drops 200 ml,HEALTHCARE,909,28.1,SUP-58,Y
SKU-1039,Soup mix 500 g,FOOD_AMBIENT,556,9.7,SUP-13,N
SKU-1040,Oats 1 kg,FOOD_AMBIENT,269,1.42,SUP-19,N
SKU-1041,Lentils 500 g,FOOD_AMBIENT,291,2.39,SUP-45,Y
SKU-1042,Tea 500 g,FOOD_AMBIENT,389,6.49,SUP-19,Y
SKU-1043,Cream 1 l,FOOD_CHILLED,114,14.08,SUP-23,Y
SKU-1044,Egg tray 500 ml,FOOD_CHILLED,127,1.79,SUP-05,Y
SKU-1045,Pasta twin pack,FOOD_AMBIENT,712,7.91,SUP-38,Y
SKU-1046,Cream 6 pack,FOOD_CHILLED,145,5.91,SUP-43,N
SKU-1047,Digital thermometer strips 100 ml,HEALTHCARE,926,19.47,SUP-37,Y
SKU-1048,First-aid kit refill 100 ml,HEALTHCARE,678,9.35,SUP-15,Y
SKU-1049,Cough syrup 100 ml,HEALTHCARE,413,8.49,SUP-30,N
SKU-1050,Soup mix family pack,FOOD_AMBIENT,344,8.69,SUP-12,N
SKU-1051,Digital thermometer strips 60 ct,HEALTHCARE,1090,28.64,SUP-11,Y
SKU-1052,Wheat flour twin pack,FOOD_AMBIENT,504,7.11,SUP-17,Y
SKU-1053,Biscuits family pack,FOOD_AMBIENT,215,8.15,SUP-10,Y
SKU-1054,Cornflakes 500 g,FOOD_AMBIENT,346,6.64,SUP-59,Y
SKU-1055,Sugar family pack,FOOD_AMBIENT,328,11.4,SUP-10,Y
SKU-1056,Cornflakes family pack,FOOD_AMBIENT,699,4.31,SUP-31,N
SKU-1057,Chocolate bar twin pack,FOOD_AMBIENT,330,9.7,SUP-22,N
SKU-1058,Egg tray 500 ml,FOOD_CHILLED,106,13.65,SUP-44,Y
SKU-1059,Canned tomatoes 1 kg,FOOD_AMBIENT,205,5.12,SUP-29,Y
SKU-1060,Peanut butter 1 kg,FOOD_AMBIENT,236,7.49,SUP-38,Y
SKU-1061,Sandwich pack 250 g,FOOD_CHILLED,143,5.25,SUP-06,Y
SKU-1062,Oats twin pack,FOOD_AMBIENT,269,11.72,SUP-13,Y
SKU-1063,Calcium tablets 30 ct,HEALTHCARE,984,21.93,SUP-59,N
SKU-1064,Salted snacks twin pack,FOOD_AMBIENT,331,8.73,SUP-24,Y
SKU-1065,Basmati rice family pack,FOOD_AMBIENT,471,4.47,SUP-29,N
SKU-1066,Fresh milk 1 l,FOOD_CHILLED,72,11.33,SUP-48,N
SKU-1067,Sandwich pack 1 l,FOOD_CHILLED,101,5.4,SUP-47,N
SKU-1068,Tea family pack,FOOD_AMBIENT,268,2.15,SUP-31,N
SKU-1069,Hummus 6 pack,FOOD_CHILLED,87,2.39,SUP-49,Y
SKU-1070,Basmati rice family pack,FOOD_AMBIENT,599,7.85,SUP-27,Y
SKU-1071,Oral rehydration salts 60 ct,HEALTHCARE,1092,24.01,SUP-13,Y
SKU-1072,Fresh pasta 250 g,FOOD_CHILLED,82,8.98,SUP-53,N
SKU-1073,Chocolate bar twin pack,FOOD_AMBIENT,491,6.18,SUP-15,Y
SKU-1074,Basmati rice twin pack,FOOD_AMBIENT,337,3.52,SUP-08,N
SKU-1075,Hand sanitiser pack of 10,HEALTHCARE,659,18.43,SUP-59,N
SKU-1076,Cheese slices 4 pack,FOOD_CHILLED,48,3.11,SUP-32,N
SKU-1077,Fresh milk 6 pack,FOOD_CHILLED,121,11.57,SUP-31,Y
SKU-1078,Breakfast cereal 500 g,FOOD_AMBIENT,667,11.7,SUP-24,Y
SKU-1079,Chocolate bar 1 kg,FOOD_AMBIENT,197,10.22,SUP-38,Y
SKU-1080,Peanut butter 1 kg,FOOD_AMBIENT,652,10.6,SUP-23,Y
SKU-1081,Cough syrup 100 ml,HEALTHCARE,734,18.52,SUP-04,Y
SKU-1082,Spice mix 1 kg,FOOD_AMBIENT,258,6.41,SUP-49,Y
SKU-1083,Sandwich pack 4 pack,FOOD_CHILLED,66,8.84,SUP-53,N
SKU-1084,Canned tomatoes family pack,FOOD_AMBIENT,457,8.38,SUP-07,Y
SKU-1085,Fruit jam 250 g,FOOD_AMBIENT,327,0.65,SUP-19,Y
SKU-1086,Oral rehydration salts 60 ct,HEALTHCARE,786,15.59,SUP-07,Y
SKU-1087,Spice mix 250 g,FOOD_AMBIENT,406,10.06,SUP-40,N
SKU-1088,Spice mix 500 g,FOOD_AMBIENT,296,5.3,SUP-08,N
SKU-1089,Basmati rice family pack,FOOD_AMBIENT,671,4.5,SUP-09,N
SKU-1090,Soup mix family pack,FOOD_AMBIENT,715,9.28,SUP-12,N
SKU-1091,Premium basmati rice 5 kg,FOOD_AMBIENT,365,8.0,SUP-08,Y
SKU-1092,Instant oats sachet box,FOOD_AMBIENT,300,4.0,SUP-15,Y
SKU-1093,Vitamin D3 tablets 60 ct,HEALTHCARE,730,5.0,SUP-22,N
SKU-1094,Cooking sauce jar,FOOD_AMBIENT,400,3.0,SUP-29,Y
SKU-1095,Peanut butter 340 g,FOOD_AMBIENT,365,6.0,SUP-36,Y
SKU-1096,Long-life greek yoghurt 4 pack,FOOD_CHILLED,120,6.0,SUP-43,Y
SKU-1097,Gourmet pasta sauce 6 pack,FOOD_AMBIENT,365,6.0,SUP-50,N
SKU-1098,Tea gift box,FOOD_AMBIENT,365,5.0,SUP-57,Y
SKU-1099,Antacid syrup 200 ml,HEALTHCARE,730,12.0,SUP-04,N
SKU-1100,Cornflakes multipack,FOOD_AMBIENT,300,5.0,SUP-11,Y
